ID,Date,Suhu,Humid,Hujan,NDVI,Luas Konversi,Kecamatan,Label
D0001,2023-01-01,27.2,87,606,0.6,551,Rupit,Rendah
D0002,2023-01-02,28.2,87,276,0.61,525,Rupit,Sedang
D0003,2023-01-03,27.0,89,237,0.63,555,Rupit,Rendah
D0004,2023-01-04,27.5,89,111,0.55,541,Rupit,Rendah
D0005,2023-01-05,28.4,86,204,0.52,538,Rupit,Sedang
D0006,2023-01-06,28.8,88,297,0.55,574,Rupit,Sedang
D0007,2023-01-07,28.6,89,576,0.62,592,Rupit,Sedang
D0008,2023-01-08,28.0,86,882,0.56,522,Rupit,Sedang
D0009,2023-01-09,27.9,86,54,0.63,511,Rupit,Rendah
D0010,2023-01-10,29.4,86,39,0.62,535,Rupit,Sedang
D0011,2023-01-11,29.3,87,168,0.62,514,Rupit,Sedang
D0012,2023-01-12,28.7,86,492,0.57,471,Rupit,Sedang
D0013,2023-01-13,28.1,91,210,0.62,462,Rupit,Sedang
D0014,2023-01-14,27.7,88,249,0.6,467,Rupit,Rendah
D0015,2023-01-15,27.7,89,279,0.55,517,Rupit,Rendah
D0016,2023-01-16,27.7,88,435,0.53,535,Rupit,Rendah
D0017,2023-01-17,26.5,90,906,0.6,495,Rupit,Rendah
D0018,2023-01-18,28.5,88,678,0.55,548,Rupit,Sedang
D0019,2023-01-19,27.3,92,723,0.6,502,Rupit,Rendah
D0020,2023-01-20,27.8,87,198,0.54,505,Rupit,Rendah
D0021,2023-01-21,28.8,85,117,0.64,488,Rupit,Sedang
D0022,2023-01-22,28.6,87,402,0.62,481,Rupit,Sedang
D0023,2023-01-23,27.1,89,768,0.55,554,Rupit,Rendah
D0024,2023-01-24,28.4,86,165,0.55,526,Rupit,Sedang
D0025,2023-01-25,27.4,83,21,0.63,497,Rupit,Rendah
D0026,2023-01-26,28.1,82,12,0.63,573,Rupit,Sedang
D0027,2023-01-27,27.6,85,165,0.55,521,Rupit,Rendah
D0028,2023-01-28,28.7,87,639,0.59,571,Rupit,Sedang
D0029,2023-01-29,27.4,88,69,0.57,546,Rupit,Rendah
D0030,2023-01-30,27.2,85,207,0.53,656,Rupit,Rendah
D0031,2023-01-31,27.2,87,174,0.53,471,Rupit,Rendah
D0032,2023-02-01,28.0,85,0,0.53,470,Rupit,Rendah
D0033,2023-02-02,29.1,86,189,0.64,416,Rupit,Sedang
D0034,2023-02-03,29.1,86,27,0.52,501,Rupit,Sedang
D0035,2023-02-04,29.2,84,312,0.6,490,Rupit,Sedang
D0036,2023-02-05,28.7,84,129,0.53,513,Rupit,Sedang
D0037,2023-02-06,28.2,84,0,0.57,598,Rupit,Sedang
D0038,2023-02-07,28.0,85,156,0.58,497,Rupit,Rendah
D0039,2023-02-08,29.7,82,3,0.63,543,Rupit,Sedang
D0040,2023-02-09,28.8,81,30,0.59,496,Rupit,Sedang
D0041,2023-02-10,29.6,84,519,0.61,453,Rupit,Sedang
D0042,2023-02-11,28.3,83,159,0.52,503,Rupit,Sedang
D0043,2023-02-12,29.8,81,0,0.52,594,Rupit,Sedang
D0044,2023-02-13,28.5,79,30,0.56,485,Rupit,Sedang
D0045,2023-02-14,28.8,83,510,0.63,535,Rupit,Sedang
D0046,2023-02-15,28.5,89,216,0.53,515,Rupit,Sedang
D0047,2023-02-16,28.1,87,357,0.61,551,Rupit,Sedang
D0048,2023-02-17,29.8,80,243,0.55,552,Rupit,Sedang
D0049,2023-02-18,29.6,83,450,0.57,531,Rupit,Sedang
D0050,2023-02-19,27.7,87,384,0.54,568,Rupit,Rendah
D0051,2023-02-20,27.8,88,405,0.64,495,Rupit,Rendah
D0052,2023-02-21,27.4,88,357,0.53,486,Rupit,Rendah
D0053,2023-02-22,27.1,89,786,0.56,496,Rupit,Rendah
D0054,2023-02-23,28.2,87,255,0.53,505,Rupit,Sedang
D0055,2023-02-24,27.0,87,972,0.55,585,Rupit,Rendah
D0056,2023-02-25,28.8,84,618,0.55,476,Rupit,Sedang
D0057,2023-02-26,28.5,83,150,0.55,583,Rupit,Sedang
D0058,2023-02-27,28.7,83,381,0.58,589,Rupit,Sedang
D0059,2023-02-28,28.1,85,153,0.62,526,Rupit,Sedang
D0060,2023-03-01,27.9,86,153,0.57,536,Rupit,Rendah
D0061,2023-03-02,27.4,82,12,0.61,467,Rupit,Rendah
D0062,2023-03-03,27.4,86,540,0.57,418,Rupit,Rendah
D0063,2023-03-04,27.6,86,378,0.62,520,Rupit,Rendah
D0064,2023-03-05,28.3,81,243,0.57,545,Rupit,Sedang
D0065,2023-03-06,28.3,87,663,0.55,558,Rupit,Sedang
D0066,2023-03-07,27.2,86,525,0.59,500,Rupit,Rendah
D0067,2023-03-08,29.0,86,183,0.64,574,Rupit,Sedang
D0068,2023-03-09,27.1,88,501,0.62,430,Rupit,Rendah
D0069,2023-03-10,26.7,88,807,0.58,529,Rupit,Rendah
D0070,2023-03-11,28.6,89,711,0.57,559,Rupit,Sedang
D0071,2023-03-12,27.4,90,246,0.55,529,Rupit,Rendah
D0072,2023-03-13,28.5,88,903,0.63,477,Rupit,Sedang
D0073,2023-03-14,27.6,84,279,0.59,516,Rupit,Rendah
D0074,2023-03-15,28.6,85,111,0.64,498,Rupit,Sedang
D0075,2023-03-16,28.5,88,207,0.59,520,Rupit,Sedang
D0076,2023-03-17,28.9,88,132,0.58,507,Rupit,Sedang
D0077,2023-03-18,28.2,87,531,0.54,535,Rupit,Sedang
D0078,2023-03-19,28.8,86,189,0.59,517,Rupit,Sedang
D0079,2023-03-20,27.9,88,357,0.55,581,Rupit,Rendah
D0080,2023-03-21,29.2,85,366,0.59,577,Rupit,Sedang
D0081,2023-03-22,29.8,85,513,0.57,478,Rupit,Sedang
D0082,2023-03-23,28.9,90,321,0.54,496,Rupit,Sedang
D0083,2023-03-24,27.9,89,765,0.55,473,Rupit,Rendah
D0084,2023-03-25,29.1,87,576,0.56,556,Rupit,Sedang
D0085,2023-03-26,30.1,86,468,0.53,381,Rupit,Sedang
D0086,2023-03-27,28.1,87,360,0.53,557,Rupit,Sedang
D0087,2023-03-28,29.4,88,447,0.55,595,Rupit,Sedang
D0088,2023-03-29,28.1,88,477,0.56,487,Rupit,Sedang
D0089,2023-03-30,29.2,88,405,0.62,505,Rupit,Sedang
D0090,2023-03-31,28.1,85,132,0.6,468,Rupit,Sedang
D0091,2023-04-01,29.3,88,261,0.62,502,Rupit,Sedang
D0092,2023-04-02,28.0,87,6,0.54,576,Rupit,Sedang
D0093,2023-04-03,28.1,89,420,0.53,490,Rupit,Sedang
D0094,2023-04-04,27.9,88,333,0.61,510,Rupit,Rendah
D0095,2023-04-05,29.0,90,249,0.6,516,Rupit,Sedang
D0096,2023-04-06,27.2,89,159,0.62,566,Rupit,Rendah
D0097,2023-04-07,28.8,89,336,0.57,520,Rupit,Sedang
D0098,2023-04-08,27.7,89,495,0.6,523,Rupit,Rendah
D0099,2023-04-09,27.1,88,648,0.61,480,Rupit,Rendah
D0100,2023-04-10,29.0,89,462,0.53,507,Rupit,Sedang
D0101,2023-04-11,29.3,88,198,0.63,448,Rupit,Sedang
D0102,2023-04-12,28.5,88,183,0.54,499,Rupit,Sedang
D0103,2023-04-13,30.4,85,327,0.56,577,Rupit,Sedang
D0104,2023-04-14,28.9,86,204,0.63,478,Rupit,Sedang
D0105,2023-04-15,30.0,87,513,0.55,575,Rupit,Sedang
D0106,2023-04-16,28.8,92,594,0.57,561,Rupit,Sedang
D0107,2023-04-17,30.8,85,705,0.54,592,Rupit,Sedang
D0108,2023-04-18,29.7,90,345,0.62,486,Rupit,Sedang
D0109,2023-04-19,29.8,90,429,0.52,517,Rupit,Sedang
D0110,2023-04-20,29.2,90,1077,0.62,485,Rupit,Sedang
D0111,2023-04-21,28.1,89,141,0.62,513,Rupit,Sedang
D0112,2023-04-22,29.4,89,402,0.62,589,Rupit,Sedang
D0113,2023-04-23,28.2,90,273,0.55,538,Rupit,Sedang
D0114,2023-04-24,28.7,87,279,0.62,480,Rupit,Sedang
D0115,2023-04-25,29.3,90,162,0.52,532,Rupit,Sedang
D0116,2023-04-26,28.4,89,123,0.64,553,Rupit,Sedang
D0117,2023-04-27,28.6,90,279,0.6,429,Rupit,Sedang
D0118,2023-04-28,28.3,88,48,0.63,586,Rupit,Sedang
D0119,2023-04-29,28.4,89,351,0.64,564,Rupit,Sedang
D0120,2023-04-30,29.0,89,510,0.53,612,Rupit,Sedang
D0121,2023-05-01,29.4,85,852,0.61,499,Rupit,Sedang
D0122,2023-05-02,30.1,85,546,0.57,570,Rupit,Sedang
D0123,2023-05-03,29.9,89,492,0.55,520,Rupit,Sedang
D0124,2023-05-04,29.5,90,474,0.58,518,Rupit,Sedang
D0125,2023-05-05,28.2,91,342,0.61,502,Rupit,Sedang
D0126,2023-05-06,28.9,88,423,0.6,487,Rupit,Sedang
D0127,2023-05-07,29.1,87,177,0.56,556,Rupit,Sedang
D0128,2023-05-08,29.3,88,423,0.56,468,Rupit,Sedang
D0129,2023-05-09,29.6,85,3,0.57,515,Rupit,Sedang
D0130,2023-05-10,30.1,88,63,0.63,540,Rupit,Sedang
D0131,2023-05-11,29.8,88,555,0.63,495,Rupit,Sedang
D0132,2023-05-12,28.0,92,249,0.52,498,Rupit,Rendah
D0133,2023-05-13,30.1,84,6,0.57,469,Rupit,Sedang
D0134,2023-05-14,29.9,84,51,0.57,492,Rupit,Sedang
D0135,2023-05-15,29.1,88,81,0.58,578,Rupit,Sedang
D0136,2023-05-16,29.4,86,90,0.53,479,Rupit,Sedang
D0137,2023-05-17,29.5,88,195,0.6,483,Rupit,Sedang
D0138,2023-05-18,27.8,90,375,0.6,583,Rupit,Rendah
D0139,2023-05-19,28.7,87,687,0.54,549,Rupit,Sedang
D0140,2023-05-20,28.1,89,135,0.62,524,Rupit,Sedang
D0141,2023-05-21,29.0,90,333,0.57,502,Rupit,Sedang
D0142,2023-05-22,28.8,89,309,0.58,501,Rupit,Sedang
D0143,2023-05-23,29.5,89,225,0.6,586,Rupit,Sedang
D0144,2023-05-24,29.1,88,45,0.53,522,Rupit,Sedang
D0145,2023-05-25,29.1,85,18,0.54,566,Rupit,Sedang
D0146,2023-05-26,29.6,88,1032,0.55,508,Rupit,Sedang
D0147,2023-05-27,30.3,88,417,0.57,538,Rupit,Sedang
D0148,2023-05-28,29.8,89,333,0.59,464,Rupit,Sedang
D0149,2023-05-29,29.2,88,357,0.63,472,Rupit,Sedang
D0150,2023-05-30,28.5,91,372,0.62,479,Rupit,Sedang
D0151,2023-05-31,29.0,88,192,0.63,519,Rupit,Sedang
D0152,2023-06-01,29.8,88,438,0.55,475,Rupit,Sedang
D0153,2023-06-02,29.3,86,81,0.61,465,Rupit,Sedang
D0154,2023-06-03,28.8,88,27,0.53,513,Rupit,Sedang
D0155,2023-06-04,27.8,90,504,0.55,499,Rupit,Rendah
D0156,2023-06-05,29.6,88,189,0.55,565,Rupit,Sedang
D0157,2023-06-06,28.5,90,576,0.6,557,Rupit,Sedang
D0158,2023-06-07,27.7,90,450,0.57,536,Rupit,Rendah
D0159,2023-06-08,28.1,92,525,0.57,563,Rupit,Sedang
D0160,2023-06-09,29.0,89,30,0.62,491,Rupit,Sedang
D0161,2023-06-10,29.7,84,453,0.57,557,Rupit,Sedang
D0162,2023-06-11,30.3,84,624,0.62,521,Rupit,Sedang
D0163,2023-06-12,28.8,87,759,0.57,520,Rupit,Sedang
D0164,2023-06-13,28.1,89,57,0.55,470,Rupit,Sedang
D0165,2023-06-14,29.2,90,234,0.57,555,Rupit,Sedang
D0166,2023-06-15,27.7,90,300,0.57,526,Rupit,Rendah
D0167,2023-06-16,27.7,87,201,0.58,558,Rupit,Rendah
D0168,2023-06-17,29.1,85,12,0.57,560,Rupit,Sedang
D0169,2023-06-18,29.0,87,135,0.52,507,Rupit,Sedang
D0170,2023-06-19,28.1,88,531,0.53,504,Rupit,Sedang
D0171,2023-06-20,28.7,87,87,0.55,489,Rupit,Sedang
D0172,2023-06-21,29.8,87,882,0.61,579,Rupit,Sedang
D0173,2023-06-22,28.7,89,258,0.55,526,Rupit,Sedang
D0174,2023-06-23,28.8,83,477,0.64,523,Rupit,Sedang
D0175,2023-06-24,29.7,87,105,0.6,531,Rupit,Sedang
D0176,2023-06-25,28.7,88,297,0.63,464,Rupit,Sedang
D0177,2023-06-26,28.4,90,702,0.52,531,Rupit,Sedang
D0178,2023-06-27,28.0,90,177,0.59,536,Rupit,Sedang
D0179,2023-06-28,28.8,89,561,0.6,522,Rupit,Sedang
D0180,2023-06-29,28.0,89,198,0.61,496,Rupit,Sedang
D0181,2023-06-30,28.0,88,693,0.62,538,Rupit,Rendah
D0182,2023-07-01,28.8,89,1032,0.56,516,Rupit,Sedang
D0183,2023-07-02,27.8,88,99,0.63,470,Rupit,Rendah
D0184,2023-07-03,29.2,87,534,0.6,558,Rupit,Sedang
D0185,2023-07-04,29.3,89,315,0.53,530,Rupit,Sedang
D0186,2023-07-05,29.4,89,987,0.53,443,Rupit,Sedang
D0187,2023-07-06,27.8,90,528,0.61,496,Rupit,Rendah
D0188,2023-07-07,28.0,88,9,0.58,554,Rupit,Rendah
D0189,2023-07-08,29.7,87,111,0.62,528,Rupit,Sedang
D0190,2023-07-09,29.0,90,819,0.6,504,Rupit,Sedang
D0191,2023-07-10,28.8,91,1092,0.6,461,Rupit,Sedang
D0192,2023-07-11,28.2,92,369,0.55,545,Rupit,Sedang
D0193,2023-07-12,29.3,86,3,0.58,478,Rupit,Sedang
D0194,2023-07-13,29.6,87,42,0.55,524,Rupit,Sedang
D0195,2023-07-14,27.9,89,219,0.62,590,Rupit,Rendah
D0196,2023-07-15,28.5,88,207,0.58,562,Rupit,Sedang
D0197,2023-07-16,28.3,87,156,0.57,596,Rupit,Sedang
D0198,2023-07-17,28.9,89,591,0.55,533,Rupit,Sedang
D0199,2023-07-18,27.7,89,264,0.56,565,Rupit,Rendah
D0200,2023-07-19,30.0,81,105,0.52,478,Rupit,Sedang
D0201,2023-07-20,28.8,86,54,0.53,512,Rupit,Sedang
D0202,2023-07-21,28.6,84,0,0.6,475,Rupit,Sedang
D0203,2023-07-22,28.5,84,24,0.58,524,Rupit,Sedang
D0204,2023-07-23,28.3,88,411,0.6,503,Rupit,Sedang
D0205,2023-07-24,27.6,89,150,0.59,472,Rupit,Rendah
D0206,2023-07-25,28.8,84,12,0.61,528,Rupit,Sedang
D0207,2023-07-26,28.5,85,18,0.6,517,Rupit,Sedang
D0208,2023-07-27,29.0,84,6,0.54,550,Rupit,Sedang
D0209,2023-07-28,28.6,89,114,0.58,521,Rupit,Sedang
D0210,2023-07-29,29.4,85,21,0.58,495,Rupit,Sedang
D0211,2023-07-30,27.3,90,198,0.64,488,Rupit,Rendah
D0212,2023-07-31,28.4,81,21,0.54,515,Rupit,Sedang
D0213,2023-08-01,28.6,81,27,0.54,569,Rupit,Sedang
D0214,2023-08-02,29.6,83,267,0.64,524,Rupit,Sedang
D0215,2023-08-03,28.0,89,747,0.6,576,Rupit,Rendah
D0216,2023-08-04,29.1,87,99,0.62,577,Rupit,Sedang
D0217,2023-08-05,28.2,83,213,0.58,497,Rupit,Sedang
D0218,2023-08-06,29.3,81,27,0.63,529,Rupit,Sedang
D0219,2023-08-07,29.1,86,27,0.62,508,Rupit,Sedang
D0220,2023-08-08,27.8,87,102,0.53,529,Rupit,Rendah
D0221,2023-08-09,27.3,89,153,0.59,478,Rupit,Rendah
D0222,2023-08-10,29.0,83,24,0.61,640,Rupit,Sedang
D0223,2023-08-11,28.9,80,18,0.61,527,Rupit,Sedang
D0224,2023-08-12,30.0,82,15,0.57,568,Rupit,Sedang
D0225,2023-08-13,29.4,84,99,0.64,501,Rupit,Sedang
D0226,2023-08-14,30.4,79,27,0.61,572,Rupit,Sedang
D0227,2023-08-15,28.2,86,177,0.54,534,Rupit,Sedang
D0228,2023-08-16,27.1,89,357,0.54,577,Rupit,Rendah
D0229,2023-08-17,27.9,89,78,0.52,469,Rupit,Rendah
D0230,2023-08-18,28.9,87,72,0.55,536,Rupit,Sedang
D0231,2023-08-19,28.7,91,597,0.6,462,Rupit,Sedang
D0232,2023-08-20,28.5,89,54,0.61,537,Rupit,Sedang
D0233,2023-08-21,28.2,89,300,0.6,558,Rupit,Sedang
D0234,2023-08-22,29.4,84,63,0.6,503,Rupit,Sedang
D0235,2023-08-23,28.9,81,6,0.62,541,Rupit,Sedang
D0236,2023-08-24,29.2,84,243,0.61,530,Rupit,Sedang
D0237,2023-08-25,28.5,89,870,0.55,563,Rupit,Sedang
D0238,2023-08-26,28.6,87,255,0.63,563,Rupit,Sedang
D0239,2023-08-27,28.8,87,198,0.58,529,Rupit,Sedang
D0240,2023-08-28,28.5,87,213,0.56,525,Rupit,Sedang
D0241,2023-08-29,28.9,86,243,0.53,593,Rupit,Sedang
D0242,2023-08-30,30.2,83,42,0.63,502,Rupit,Sedang
D0243,2023-08-31,29.8,77,0,0.6,519,Rupit,Sedang
D0244,2023-09-01,29.0,77,0,0.58,531,Rupit,Sedang
D0245,2023-09-02,29.3,78,0,0.63,542,Rupit,Sedang
D0246,2023-09-03,28.5,75,0,0.58,568,Rupit,Sedang
D0247,2023-09-04,29.9,75,0,0.56,491,Rupit,Sedang
D0248,2023-09-05,29.3,75,0,0.56,571,Rupit,Sedang
D0249,2023-09-06,29.8,72,21,0.55,589,Rupit,Sedang
D0250,2023-09-07,28.3,85,72,0.57,496,Rupit,Sedang
D0251,2023-09-08,29.2,86,123,0.56,559,Rupit,Sedang
D0252,2023-09-09,28.9,87,126,0.64,513,Rupit,Sedang
D0253,2023-09-10,28.3,85,75,0.59,498,Rupit,Sedang
D0254,2023-09-11,29.4,81,0,0.61,533,Rupit,Sedang
D0255,2023-09-12,30.2,75,9,0.61,534,Rupit,Sedang
D0256,2023-09-13,30.1,77,0,0.57,568,Rupit,Sedang
D0257,2023-09-14,29.5,73,36,0.53,574,Rupit,Sedang
D0258,2023-09-15,30.4,71,0,0.54,511,Rupit,Sedang
D0259,2023-09-16,31.0,72,9,0.59,623,Rupit,Sedang
D0260,2023-09-17,29.4,72,3,0.58,588,Rupit,Sedang
D0261,2023-09-18,30.4,73,15,0.62,457,Rupit,Sedang
D0262,2023-09-19,30.6,80,327,0.55,520,Rupit,Sedang
D0263,2023-09-20,28.2,87,1266,0.64,521,Rupit,Sedang
D0264,2023-09-21,28.5,88,51,0.63,570,Rupit,Sedang
D0265,2023-09-22,29.8,81,6,0.63,541,Rupit,Sedang
D0266,2023-09-23,30.3,77,3,0.57,496,Rupit,Sedang
D0267,2023-09-24,28.9,76,15,0.58,533,Rupit,Sedang
D0268,2023-09-25,30.8,75,6,0.59,491,Rupit,Sedang
D0269,2023-09-26,30.4,68,0,0.58,549,Rupit,Sedang
D0270,2023-09-27,30.7,67,6,0.59,559,Rupit,Sedang
D0271,2023-09-28,30.9,65,0,0.57,509,Rupit,Sedang
D0272,2023-09-29,30.7,64,0,0.59,543,Rupit,Sedang
D0273,2023-09-30,31.2,61,0,0.61,583,Rupit,Sedang
D0274,2023-10-01,30.6,69,15,0.62,537,Rupit,Sedang
D0275,2023-10-02,30.9,67,15,0.6,568,Rupit,Sedang
D0276,2023-10-03,30.7,65,0,0.52,419,Rupit,Sedang
D0277,2023-10-04,30.5,69,0,0.59,575,Rupit,Sedang
D0278,2023-10-05,31.5,68,6,0.58,461,Rupit,Tinggi
D0279,2023-10-06,31.5,66,18,0.61,471,Rupit,Tinggi
D0280,2023-10-07,33.1,60,3,0.58,551,Rupit,Tinggi
D0281,2023-10-08,32.0,63,18,0.56,500,Rupit,Tinggi
D0282,2023-10-09,31.7,69,114,0.62,466,Rupit,Tinggi
D0283,2023-10-10,30.9,78,579,0.57,495,Rupit,Sedang
D0284,2023-10-11,29.3,79,363,0.62,578,Rupit,Sedang
D0285,2023-10-12,32.0,72,3,0.53,459,Rupit,Tinggi
D0286,2023-10-13,31.1,68,0,0.61,454,Rupit,Sedang
D0287,2023-10-14,30.9,70,0,0.53,466,Rupit,Sedang
D0288,2023-10-15,31.7,72,3,0.6,460,Rupit,Tinggi
D0289,2023-10-16,31.4,66,27,0.53,529,Rupit,Sedang
D0290,2023-10-17,31.1,66,15,0.54,489,Rupit,Sedang
D0291,2023-10-18,30.3,67,75,0.59,526,Rupit,Sedang
D0292,2023-10-19,28.8,86,510,0.62,497,Rupit,Sedang
D0293,2023-10-20,28.7,86,1158,0.55,538,Rupit,Sedang
D0294,2023-10-21,29.2,82,210,0.55,509,Rupit,Sedang
D0295,2023-10-22,29.5,86,264,0.52,548,Rupit,Sedang
D0296,2023-10-23,30.3,82,141,0.54,439,Rupit,Sedang
D0297,2023-10-24,28.6,86,738,0.56,472,Rupit,Sedang
D0298,2023-10-25,29.2,86,1050,0.55,491,Rupit,Sedang
D0299,2023-10-26,28.6,85,390,0.54,486,Rupit,Sedang
D0300,2023-10-27,30.5,78,0,0.59,550,Rupit,Sedang
D0301,2023-10-28,30.1,78,42,0.64,490,Rupit,Sedang
D0302,2023-10-29,29.1,86,129,0.55,626,Rupit,Sedang
D0303,2023-10-30,30.0,81,9,0.6,520,Rupit,Sedang
D0304,2023-10-31,30.2,85,546,0.58,508,Rupit,Sedang
D0305,2023-11-01,28.7,87,261,0.55,536,Rupit,Sedang
D0306,2023-11-02,30.1,83,18,0.6,468,Rupit,Sedang
D0307,2023-11-03,30.6,81,135,0.6,510,Rupit,Sedang
D0308,2023-11-04,30.5,82,303,0.6,463,Rupit,Sedang
D0309,2023-11-05,29.1,88,165,0.6,505,Rupit,Sedang
D0310,2023-11-06,27.9,88,321,0.61,560,Rupit,Rendah
D0311,2023-11-07,28.0,88,459,0.56,520,Rupit,Rendah
D0312,2023-11-08,30.4,85,249,0.58,496,Rupit,Sedang
D0313,2023-11-09,29.2,82,114,0.58,584,Rupit,Sedang
D0314,2023-11-10,30.2,80,171,0.62,482,Rupit,Sedang
D0315,2023-11-11,28.9,85,138,0.62,520,Rupit,Sedang
D0316,2023-11-12,28.6,86,258,0.64,484,Rupit,Sedang
D0317,2023-11-13,30.4,85,258,0.64,560,Rupit,Sedang
D0318,2023-11-14,28.8,90,549,0.64,471,Rupit,Sedang
D0319,2023-11-15,29.7,85,147,0.56,521,Rupit,Sedang
D0320,2023-11-16,29.2,89,192,0.57,514,Rupit,Sedang
D0321,2023-11-17,30.2,90,174,0.6,456,Rupit,Sedang
D0322,2023-11-18,29.0,85,321,0.53,483,Rupit,Sedang
D0323,2023-11-19,29.8,88,402,0.52,558,Rupit,Sedang
D0324,2023-11-20,28.0,90,78,0.55,486,Rupit,Sedang
D0325,2023-11-21,29.5,85,102,0.62,548,Rupit,Sedang
D0326,2023-11-22,29.2,92,903,0.54,502,Rupit,Sedang
D0327,2023-11-23,30.2,86,222,0.56,502,Rupit,Sedang
D0328,2023-11-24,28.7,87,804,0.54,520,Rupit,Sedang
D0329,2023-11-25,27.1,92,735,0.6,516,Rupit,Rendah
D0330,2023-11-26,27.5,89,531,0.61,424,Rupit,Rendah
D0331,2023-11-27,27.5,92,1020,0.57,557,Rupit,Rendah
D0332,2023-11-28,27.9,88,237,0.63,547,Rupit,Rendah
D0333,2023-11-29,29.9,89,333,0.56,429,Rupit,Sedang
D0334,2023-11-30,28.8,89,1182,0.53,554,Rupit,Sedang
D0335,2023-12-01,28.1,91,219,0.59,557,Rupit,Sedang
D0336,2023-12-02,28.2,88,513,0.54,515,Rupit,Sedang
D0337,2023-12-03,29.0,86,972,0.62,464,Rupit,Sedang
D0338,2023-12-04,27.7,87,222,0.59,536,Rupit,Rendah
D0339,2023-12-05,29.6,84,351,0.61,520,Rupit,Sedang
D0340,2023-12-06,28.8,90,1008,0.53,540,Rupit,Sedang
D0341,2023-12-07,28.7,89,351,0.54,537,Rupit,Sedang
D0342,2023-12-08,30.7,83,141,0.54,598,Rupit,Sedang
D0343,2023-12-09,27.9,90,588,0.52,534,Rupit,Rendah
D0344,2023-12-10,27.7,89,531,0.55,503,Rupit,Rendah
D0345,2023-12-11,29.1,89,387,0.6,526,Rupit,Sedang
D0346,2023-12-12,28.5,86,1125,0.55,521,Rupit,Sedang
D0347,2023-12-13,29.4,84,492,0.54,582,Rupit,Sedang
D0348,2023-12-14,29.3,86,525,0.61,541,Rupit,Sedang
D0349,2023-12-15,29.6,89,33,0.61,501,Rupit,Sedang
D0350,2023-12-16,27.7,89,384,0.63,519,Rupit,Rendah
D0351,2023-12-17,28.3,89,480,0.61,552,Rupit,Sedang
D0352,2023-12-18,27.3,90,279,0.64,484,Rupit,Rendah
D0353,2023-12-19,28.4,89,240,0.58,471,Rupit,Sedang
D0354,2023-12-20,28.0,88,762,0.63,555,Rupit,Sedang
D0355,2023-12-21,27.8,89,993,0.53,509,Rupit,Rendah
D0356,2023-12-22,28.7,89,522,0.6,511,Rupit,Sedang
D0357,2023-12-23,29.1,86,120,0.56,569,Rupit,Sedang
D0358,2023-12-24,28.3,87,468,0.59,519,Rupit,Sedang
D0359,2023-12-25,28.9,88,267,0.6,554,Rupit,Sedang
D0360,2023-12-26,27.9,89,444,0.61,474,Rupit,Rendah
D0361,2023-12-27,28.3,88,753,0.57,524,Rupit,Sedang
D0362,2023-12-28,28.0,88,333,0.57,556,Rupit,Rendah
D0363,2023-12-29,28.7,86,477,0.57,501,Rupit,Sedang
D0364,2023-12-30,27.2,91,1335,0.63,487,Rupit,Rendah
D0365,2023-12-31,29.5,86,273,0.62,535,Rupit,Sedang
D0366,2023-01-01,25.3,88,426,0.78,159,Karang Jaya,Rendah
D0367,2023-01-02,24.8,88,237,0.75,117,Karang Jaya,Rendah
D0368,2023-01-03,25.3,91,327,0.72,137,Karang Jaya,Rendah
D0369,2023-01-04,25.6,90,267,0.77,193,Karang Jaya,Rendah
D0370,2023-01-05,25.5,87,30,0.75,103,Karang Jaya,Rendah
D0371,2023-01-06,25.8,88,54,0.75,163,Karang Jaya,Rendah
D0372,2023-01-07,26.4,89,237,0.69,206,Karang Jaya,Rendah
D0373,2023-01-08,27.1,86,72,0.72,154,Karang Jaya,Rendah
D0374,2023-01-09,27.1,87,51,0.78,98,Karang Jaya,Rendah
D0375,2023-01-10,25.6,86,72,0.78,107,Karang Jaya,Rendah
D0376,2023-01-11,26.2,88,240,0.79,113,Karang Jaya,Rendah
D0377,2023-01-12,25.7,88,117,0.71,176,Karang Jaya,Rendah
D0378,2023-01-13,24.7,89,183,0.72,206,Karang Jaya,Rendah
D0379,2023-01-14,25.4,87,45,0.78,113,Karang Jaya,Rendah
D0380,2023-01-15,24.8,90,342,0.76,134,Karang Jaya,Rendah
D0381,2023-01-16,25.5,89,246,0.77,159,Karang Jaya,Rendah
D0382,2023-01-17,24.9,92,618,0.72,190,Karang Jaya,Rendah
D0383,2023-01-18,24.5,89,573,0.77,135,Karang Jaya,Rendah
D0384,2023-01-19,24.5,94,774,0.7,144,Karang Jaya,Rendah
D0385,2023-01-20,25.3,88,243,0.76,142,Karang Jaya,Rendah
D0386,2023-01-21,25.6,86,132,0.73,208,Karang Jaya,Rendah
D0387,2023-01-22,25.0,88,774,0.77,182,Karang Jaya,Rendah
D0388,2023-01-23,25.0,92,642,0.76,177,Karang Jaya,Rendah
D0389,2023-01-24,24.9,91,159,0.76,188,Karang Jaya,Rendah
D0390,2023-01-25,24.5,87,72,0.68,161,Karang Jaya,Rendah
D0391,2023-01-26,25.3,85,12,0.71,169,Karang Jaya,Rendah
D0392,2023-01-27,26.1,87,627,0.68,173,Karang Jaya,Rendah
D0393,2023-01-28,25.4,88,330,0.7,105,Karang Jaya,Rendah
D0394,2023-01-29,25.5,88,153,0.78,192,Karang Jaya,Rendah
D0395,2023-01-30,24.8,85,279,0.69,157,Karang Jaya,Rendah
D0396,2023-01-31,25.7,89,405,0.79,142,Karang Jaya,Rendah
D0397,2023-02-01,25.3,88,9,0.75,94,Karang Jaya,Rendah
D0398,2023-02-02,25.1,89,168,0.69,123,Karang Jaya,Rendah
D0399,2023-02-03,26.7,88,138,0.72,167,Karang Jaya,Rendah
D0400,2023-02-04,25.7,85,216,0.79,98,Karang Jaya,Rendah
D0401,2023-02-05,26.4,86,30,0.78,152,Karang Jaya,Rendah
D0402,2023-02-06,25.7,83,9,0.73,203,Karang Jaya,Rendah
D0403,2023-02-07,26.2,87,108,0.72,138,Karang Jaya,Rendah
D0404,2023-02-08,26.9,84,3,0.69,171,Karang Jaya,Rendah
D0405,2023-02-09,27.6,84,18,0.79,113,Karang Jaya,Rendah
D0406,2023-02-10,26.4,83,87,0.78,202,Karang Jaya,Rendah
D0407,2023-02-11,26.6,84,93,0.7,167,Karang Jaya,Rendah
D0408,2023-02-12,25.7,83,0,0.76,201,Karang Jaya,Rendah
D0409,2023-02-13,27.1,77,3,0.77,84,Karang Jaya,Rendah
D0410,2023-02-14,27.1,82,111,0.73,152,Karang Jaya,Rendah
D0411,2023-02-15,26.2,89,528,0.75,114,Karang Jaya,Rendah
D0412,2023-02-16,25.1,88,324,0.76,108,Karang Jaya,Rendah
D0413,2023-02-17,26.4,79,6,0.69,119,Karang Jaya,Rendah
D0414,2023-02-18,26.5,85,249,0.69,162,Karang Jaya,Rendah
D0415,2023-02-19,25.9,89,372,0.72,137,Karang Jaya,Rendah
D0416,2023-02-20,26.0,90,225,0.69,154,Karang Jaya,Rendah
D0417,2023-02-21,25.5,89,222,0.78,115,Karang Jaya,Rendah
D0418,2023-02-22,25.5,91,408,0.75,119,Karang Jaya,Rendah
D0419,2023-02-23,25.5,89,270,0.79,81,Karang Jaya,Rendah
D0420,2023-02-24,25.4,88,885,0.72,172,Karang Jaya,Rendah
D0421,2023-02-25,26.7,84,480,0.7,167,Karang Jaya,Rendah
D0422,2023-02-26,26.2,85,171,0.72,157,Karang Jaya,Rendah
D0423,2023-02-27,25.6,83,240,0.74,164,Karang Jaya,Rendah
D0424,2023-02-28,25.7,86,162,0.73,176,Karang Jaya,Rendah
D0425,2023-03-01,25.1,89,570,0.7,128,Karang Jaya,Rendah
D0426,2023-03-02,25.7,86,270,0.72,173,Karang Jaya,Rendah
D0427,2023-03-03,24.5,87,342,0.77,142,Karang Jaya,Rendah
D0428,2023-03-04,24.8,87,108,0.76,139,Karang Jaya,Rendah
D0429,2023-03-05,26.8,83,267,0.77,102,Karang Jaya,Rendah
D0430,2023-03-06,25.2,90,453,0.72,78,Karang Jaya,Rendah
D0431,2023-03-07,25.8,89,303,0.7,89,Karang Jaya,Rendah
D0432,2023-03-08,26.0,87,228,0.73,234,Karang Jaya,Rendah
D0433,2023-03-09,25.6,89,708,0.79,136,Karang Jaya,Rendah
D0434,2023-03-10,25.3,90,672,0.78,186,Karang Jaya,Rendah
D0435,2023-03-11,24.9,91,750,0.78,146,Karang Jaya,Rendah
D0436,2023-03-12,24.9,90,249,0.76,90,Karang Jaya,Rendah
D0437,2023-03-13,24.4,90,1074,0.72,134,Karang Jaya,Rendah
D0438,2023-03-14,25.4,85,375,0.79,169,Karang Jaya,Rendah
D0439,2023-03-15,26.4,87,135,0.71,160,Karang Jaya,Rendah
D0440,2023-03-16,26.0,91,246,0.69,162,Karang Jaya,Rendah
D0441,2023-03-17,25.7,90,153,0.78,158,Karang Jaya,Rendah
D0442,2023-03-18,25.8,87,414,0.77,143,Karang Jaya,Rendah
D0443,2023-03-19,26.7,87,117,0.73,189,Karang Jaya,Rendah
D0444,2023-03-20,25.2,89,696,0.78,214,Karang Jaya,Rendah
D0445,2023-03-21,26.0,87,408,0.73,100,Karang Jaya,Rendah
D0446,2023-03-22,26.3,85,303,0.73,181,Karang Jaya,Rendah
D0447,2023-03-23,25.6,92,843,0.77,104,Karang Jaya,Rendah
D0448,2023-03-24,25.8,90,453,0.78,165,Karang Jaya,Rendah
D0449,2023-03-25,27.1,88,498,0.78,85,Karang Jaya,Rendah
D0450,2023-03-26,26.2,87,507,0.74,221,Karang Jaya,Rendah
D0451,2023-03-27,26.9,88,264,0.73,48,Karang Jaya,Rendah
D0452,2023-03-28,25.7,88,444,0.78,133,Karang Jaya,Rendah
D0453,2023-03-29,26.2,89,147,0.71,99,Karang Jaya,Rendah
D0454,2023-03-30,26.3,90,495,0.69,87,Karang Jaya,Rendah
D0455,2023-03-31,26.0,87,60,0.78,136,Karang Jaya,Rendah
D0456,2023-04-01,25.3,89,231,0.79,216,Karang Jaya,Rendah
D0457,2023-04-02,26.6,88,99,0.73,176,Karang Jaya,Rendah
D0458,2023-04-03,24.4,89,270,0.72,141,Karang Jaya,Rendah
D0459,2023-04-04,27.1,88,216,0.69,121,Karang Jaya,Rendah
D0460,2023-04-05,24.9,89,237,0.72,150,Karang Jaya,Rendah
D0461,2023-04-06,26.2,89,141,0.79,180,Karang Jaya,Rendah
D0462,2023-04-07,25.6,89,150,0.7,101,Karang Jaya,Rendah
D0463,2023-04-08,26.1,89,441,0.78,143,Karang Jaya,Rendah
D0464,2023-04-09,24.7,89,309,0.73,130,Karang Jaya,Rendah
D0465,2023-04-10,25.7,89,309,0.69,148,Karang Jaya,Rendah
D0466,2023-04-11,27.0,86,15,0.77,225,Karang Jaya,Rendah
D0467,2023-04-12,26.3,89,132,0.69,142,Karang Jaya,Rendah
D0468,2023-04-13,27.6,84,66,0.73,182,Karang Jaya,Rendah
D0469,2023-04-14,26.9,87,468,0.73,216,Karang Jaya,Rendah
D0470,2023-04-15,26.8,89,279,0.68,205,Karang Jaya,Rendah
D0471,2023-04-16,26.2,93,378,0.71,176,Karang Jaya,Rendah
D0472,2023-04-17,27.0,88,777,0.71,183,Karang Jaya,Rendah
D0473,2023-04-18,25.5,92,411,0.76,243,Karang Jaya,Rendah
D0474,2023-04-19,26.5,91,360,0.74,205,Karang Jaya,Rendah
D0475,2023-04-20,26.1,91,1134,0.8,113,Karang Jaya,Rendah
D0476,2023-04-21,27.3,90,210,0.76,137,Karang Jaya,Rendah
D0477,2023-04-22,26.2,89,414,0.71,220,Karang Jaya,Rendah
D0478,2023-04-23,26.4,91,174,0.77,157,Karang Jaya,Rendah
D0479,2023-04-24,25.9,87,291,0.77,147,Karang Jaya,Rendah
D0480,2023-04-25,26.8,90,201,0.75,115,Karang Jaya,Rendah
D0481,2023-04-26,26.7,89,180,0.7,158,Karang Jaya,Rendah
D0482,2023-04-27,26.8,91,192,0.76,107,Karang Jaya,Rendah
D0483,2023-04-28,26.4,89,90,0.69,157,Karang Jaya,Rendah
D0484,2023-04-29,26.0,89,342,0.69,107,Karang Jaya,Rendah
D0485,2023-04-30,27.4,90,1251,0.69,193,Karang Jaya,Rendah
D0486,2023-05-01,26.3,87,96,0.75,131,Karang Jaya,Rendah
D0487,2023-05-02,28.0,86,447,0.77,163,Karang Jaya,Sedang
D0488,2023-05-03,26.5,89,660,0.78,185,Karang Jaya,Rendah
D0489,2023-05-04,27.0,91,204,0.69,94,Karang Jaya,Rendah
D0490,2023-05-05,26.3,92,519,0.79,211,Karang Jaya,Rendah
D0491,2023-05-06,27.2,90,1170,0.8,104,Karang Jaya,Rendah
D0492,2023-05-07,27.4,89,114,0.74,151,Karang Jaya,Rendah
D0493,2023-05-08,27.8,88,210,0.77,197,Karang Jaya,Rendah
D0494,2023-05-09,26.9,86,0,0.75,175,Karang Jaya,Rendah
D0495,2023-05-10,27.6,86,30,0.69,132,Karang Jaya,Rendah
D0496,2023-05-11,27.6,88,495,0.73,121,Karang Jaya,Rendah
D0497,2023-05-12,25.8,93,609,0.72,227,Karang Jaya,Rendah
D0498,2023-05-13,27.3,85,6,0.8,171,Karang Jaya,Rendah
D0499,2023-05-14,28.2,83,57,0.8,164,Karang Jaya,Sedang
D0500,2023-05-15,27.7,89,237,0.72,145,Karang Jaya,Rendah
D0501,2023-05-16,27.0,88,15,0.76,171,Karang Jaya,Rendah
D0502,2023-05-17,25.7,90,198,0.77,144,Karang Jaya,Rendah
D0503,2023-05-18,25.9,93,396,0.69,156,Karang Jaya,Rendah
D0504,2023-05-19,26.4,89,825,0.75,113,Karang Jaya,Rendah
D0505,2023-05-20,27.0,90,171,0.76,186,Karang Jaya,Rendah
D0506,2023-05-21,26.2,91,63,0.75,138,Karang Jaya,Rendah
D0507,2023-05-22,26.2,90,195,0.73,133,Karang Jaya,Rendah
D0508,2023-05-23,26.5,89,36,0.77,126,Karang Jaya,Rendah
D0509,2023-05-24,26.3,89,159,0.73,122,Karang Jaya,Rendah
D0510,2023-05-25,28.2,85,12,0.73,139,Karang Jaya,Sedang
D0511,2023-05-26,25.9,88,726,0.71,190,Karang Jaya,Rendah
D0512,2023-05-27,26.6,88,291,0.78,127,Karang Jaya,Rendah
D0513,2023-05-28,26.7,91,675,0.79,134,Karang Jaya,Rendah
D0514,2023-05-29,26.5,89,393,0.78,155,Karang Jaya,Rendah
D0515,2023-05-30,26.5,92,303,0.72,195,Karang Jaya,Rendah
D0516,2023-05-31,27.5,88,114,0.78,169,Karang Jaya,Rendah
D0517,2023-06-01,27.0,90,159,0.79,104,Karang Jaya,Rendah
D0518,2023-06-02,26.8,86,33,0.69,96,Karang Jaya,Rendah
D0519,2023-06-03,26.9,90,186,0.7,152,Karang Jaya,Rendah
D0520,2023-06-04,26.7,91,426,0.72,142,Karang Jaya,Rendah
D0521,2023-06-05,26.3,89,126,0.75,138,Karang Jaya,Rendah
D0522,2023-06-06,26.2,91,339,0.8,140,Karang Jaya,Rendah
D0523,2023-06-07,25.2,90,663,0.74,158,Karang Jaya,Rendah
D0524,2023-06-08,25.8,92,162,0.8,77,Karang Jaya,Rendah
D0525,2023-06-09,27.0,89,30,0.73,135,Karang Jaya,Rendah
D0526,2023-06-10,27.2,84,276,0.77,117,Karang Jaya,Rendah
D0527,2023-06-11,27.8,85,372,0.7,191,Karang Jaya,Rendah
D0528,2023-06-12,26.0,86,186,0.69,142,Karang Jaya,Rendah
D0529,2023-06-13,26.9,88,39,0.7,168,Karang Jaya,Rendah
D0530,2023-06-14,27.2,89,129,0.72,180,Karang Jaya,Rendah
D0531,2023-06-15,26.4,90,294,0.79,167,Karang Jaya,Rendah
D0532,2023-06-16,25.7,88,147,0.75,125,Karang Jaya,Rendah
D0533,2023-06-17,25.9,86,36,0.72,104,Karang Jaya,Rendah
D0534,2023-06-18,26.1,87,423,0.79,141,Karang Jaya,Rendah
D0535,2023-06-19,26.4,89,456,0.76,140,Karang Jaya,Rendah
D0536,2023-06-20,27.1,87,18,0.75,97,Karang Jaya,Rendah
D0537,2023-06-21,26.9,87,255,0.68,204,Karang Jaya,Rendah
D0538,2023-06-22,26.8,90,393,0.76,166,Karang Jaya,Rendah
D0539,2023-06-23,26.7,86,501,0.73,120,Karang Jaya,Rendah
D0540,2023-06-24,27.4,88,105,0.71,115,Karang Jaya,Rendah
D0541,2023-06-25,26.1,89,285,0.74,170,Karang Jaya,Rendah
D0542,2023-06-26,25.0,92,414,0.69,93,Karang Jaya,Rendah
D0543,2023-06-27,26.4,90,201,0.73,124,Karang Jaya,Rendah
D0544,2023-06-28,26.4,89,108,0.72,152,Karang Jaya,Rendah
D0545,2023-06-29,26.3,87,111,0.77,219,Karang Jaya,Rendah
D0546,2023-06-30,26.8,88,663,0.72,67,Karang Jaya,Rendah
D0547,2023-07-01,25.6,89,843,0.72,120,Karang Jaya,Rendah
D0548,2023-07-02,25.9,89,138,0.69,156,Karang Jaya,Rendah
D0549,2023-07-03,27.5,88,255,0.73,128,Karang Jaya,Rendah
D0550,2023-07-04,26.7,87,225,0.7,130,Karang Jaya,Rendah
D0551,2023-07-05,25.7,91,966,0.75,124,Karang Jaya,Rendah
D0552,2023-07-06,25.7,91,423,0.74,212,Karang Jaya,Rendah
D0553,2023-07-07,25.9,91,300,0.72,245,Karang Jaya,Rendah
D0554,2023-07-08,25.9,88,39,0.8,163,Karang Jaya,Rendah
D0555,2023-07-09,26.8,90,594,0.72,194,Karang Jaya,Rendah
D0556,2023-07-10,25.6,91,858,0.76,164,Karang Jaya,Rendah
D0557,2023-07-11,25.8,92,441,0.74,174,Karang Jaya,Rendah
D0558,2023-07-12,26.9,87,24,0.77,116,Karang Jaya,Rendah
D0559,2023-07-13,26.0,88,45,0.72,108,Karang Jaya,Rendah
D0560,2023-07-14,25.6,90,345,0.75,180,Karang Jaya,Rendah
D0561,2023-07-15,26.9,88,90,0.74,152,Karang Jaya,Rendah
D0562,2023-07-16,25.8,87,201,0.76,118,Karang Jaya,Rendah
D0563,2023-07-17,25.9,90,492,0.8,95,Karang Jaya,Rendah
D0564,2023-07-18,26.3,90,879,0.79,194,Karang Jaya,Rendah
D0565,2023-07-19,26.0,81,27,0.7,103,Karang Jaya,Rendah
D0566,2023-07-20,25.9,84,210,0.7,148,Karang Jaya,Rendah
D0567,2023-07-21,26.0,86,18,0.74,98,Karang Jaya,Rendah
D0568,2023-07-22,26.8,86,126,0.72,164,Karang Jaya,Rendah
D0569,2023-07-23,26.0,89,477,0.7,215,Karang Jaya,Rendah
D0570,2023-07-24,25.9,90,702,0.72,147,Karang Jaya,Rendah
D0571,2023-07-25,27.4,86,27,0.74,142,Karang Jaya,Rendah
D0572,2023-07-26,27.1,87,108,0.72,118,Karang Jaya,Rendah
D0573,2023-07-27,27.6,86,3,0.8,89,Karang Jaya,Rendah
D0574,2023-07-28,25.8,90,99,0.76,115,Karang Jaya,Rendah
D0575,2023-07-29,27.1,85,36,0.74,218,Karang Jaya,Rendah
D0576,2023-07-30,26.3,90,105,0.75,136,Karang Jaya,Rendah
D0577,2023-07-31,26.6,83,24,0.75,176,Karang Jaya,Rendah
D0578,2023-08-01,26.2,81,9,0.78,199,Karang Jaya,Rendah
D0579,2023-08-02,26.4,85,234,0.76,245,Karang Jaya,Rendah
D0580,2023-08-03,25.5,89,747,0.68,169,Karang Jaya,Rendah
D0581,2023-08-04,27.2,87,81,0.7,135,Karang Jaya,Rendah
D0582,2023-08-05,27.2,85,102,0.79,112,Karang Jaya,Rendah
D0583,2023-08-06,26.4,84,0,0.77,170,Karang Jaya,Rendah
D0584,2023-08-07,26.3,88,33,0.72,158,Karang Jaya,Rendah
D0585,2023-08-08,26.7,89,60,0.74,141,Karang Jaya,Rendah
D0586,2023-08-09,25.6,89,303,0.72,172,Karang Jaya,Rendah
D0587,2023-08-10,26.6,84,12,0.77,140,Karang Jaya,Rendah
D0588,2023-08-11,25.9,83,3,0.75,94,Karang Jaya,Rendah
D0589,2023-08-12,27.6,83,12,0.71,124,Karang Jaya,Rendah
D0590,2023-08-13,26.2,85,63,0.72,140,Karang Jaya,Rendah
D0591,2023-08-14,26.7,81,21,0.7,141,Karang Jaya,Rendah
D0592,2023-08-15,26.9,88,159,0.79,117,Karang Jaya,Rendah
D0593,2023-08-16,25.1,90,672,0.71,193,Karang Jaya,Rendah
D0594,2023-08-17,26.7,90,150,0.8,191,Karang Jaya,Rendah
D0595,2023-08-18,25.7,89,297,0.79,161,Karang Jaya,Rendah
D0596,2023-08-19,25.3,92,429,0.77,119,Karang Jaya,Rendah
D0597,2023-08-20,25.2,91,624,0.73,149,Karang Jaya,Rendah
D0598,2023-08-21,26.6,90,606,0.74,195,Karang Jaya,Rendah
D0599,2023-08-22,26.4,85,48,0.76,185,Karang Jaya,Rendah
D0600,2023-08-23,27.1,81,18,0.71,192,Karang Jaya,Rendah
D0601,2023-08-24,26.6,83,66,0.74,142,Karang Jaya,Rendah
D0602,2023-08-25,25.2,88,675,0.77,140,Karang Jaya,Rendah
D0603,2023-08-26,27.2,87,141,0.77,200,Karang Jaya,Rendah
D0604,2023-08-27,27.2,88,114,0.73,151,Karang Jaya,Rendah
D0605,2023-08-28,27.2,88,138,0.79,124,Karang Jaya,Rendah
D0606,2023-08-29,26.8,87,117,0.72,153,Karang Jaya,Rendah
D0607,2023-08-30,26.9,85,54,0.79,194,Karang Jaya,Rendah
D0608,2023-08-31,27.5,79,3,0.77,177,Karang Jaya,Rendah
D0609,2023-09-01,25.9,77,0,0.79,187,Karang Jaya,Rendah
D0610,2023-09-02,27.3,80,3,0.79,223,Karang Jaya,Rendah
D0611,2023-09-03,27.6,78,0,0.73,57,Karang Jaya,Rendah
D0612,2023-09-04,27.0,79,0,0.79,152,Karang Jaya,Rendah
D0613,2023-09-05,27.3,77,0,0.68,133,Karang Jaya,Rendah
D0614,2023-09-06,28.2,73,24,0.71,143,Karang Jaya,Sedang
D0615,2023-09-07,27.0,86,45,0.75,56,Karang Jaya,Rendah
D0616,2023-09-08,26.4,87,144,0.74,153,Karang Jaya,Rendah
D0617,2023-09-09,25.6,88,117,0.69,173,Karang Jaya,Rendah
D0618,2023-09-10,26.6,88,57,0.7,187,Karang Jaya,Rendah
D0619,2023-09-11,26.1,83,0,0.77,89,Karang Jaya,Rendah
D0620,2023-09-12,27.4,78,0,0.78,123,Karang Jaya,Rendah
D0621,2023-09-13,27.6,77,0,0.78,134,Karang Jaya,Rendah
D0622,2023-09-14,26.7,77,90,0.7,149,Karang Jaya,Rendah
D0623,2023-09-15,27.0,76,0,0.72,150,Karang Jaya,Rendah
D0624,2023-09-16,28.5,75,0,0.77,181,Karang Jaya,Sedang
D0625,2023-09-17,28.1,73,3,0.72,149,Karang Jaya,Sedang
D0626,2023-09-18,27.2,75,9,0.76,145,Karang Jaya,Rendah
D0627,2023-09-19,27.6,80,420,0.69,136,Karang Jaya,Rendah
D0628,2023-09-20,26.3,88,1113,0.79,188,Karang Jaya,Rendah
D0629,2023-09-21,25.8,90,378,0.72,215,Karang Jaya,Rendah
D0630,2023-09-22,26.4,83,6,0.75,209,Karang Jaya,Rendah
D0631,2023-09-23,26.9,79,0,0.7,187,Karang Jaya,Rendah
D0632,2023-09-24,26.8,75,0,0.73,204,Karang Jaya,Rendah
D0633,2023-09-25,26.7,77,12,0.74,93,Karang Jaya,Rendah
D0634,2023-09-26,28.1,73,0,0.71,137,Karang Jaya,Sedang
D0635,2023-09-27,28.1,71,15,0.78,187,Karang Jaya,Sedang
D0636,2023-09-28,27.9,68,0,0.69,171,Karang Jaya,Rendah
D0637,2023-09-29,28.4,67,0,0.69,105,Karang Jaya,Sedang
D0638,2023-09-30,27.5,66,0,0.7,136,Karang Jaya,Rendah
D0639,2023-10-01,28.0,73,0,0.74,170,Karang Jaya,Rendah
D0640,2023-10-02,28.3,71,12,0.69,168,Karang Jaya,Sedang
D0641,2023-10-03,27.9,68,0,0.78,105,Karang Jaya,Rendah
D0642,2023-10-04,28.0,71,9,0.69,163,Karang Jaya,Rendah
D0643,2023-10-05,29.4,70,3,0.78,144,Karang Jaya,Sedang
D0644,2023-10-06,29.6,72,0,0.77,111,Karang Jaya,Sedang
D0645,2023-10-07,30.1,65,0,0.69,142,Karang Jaya,Sedang
D0646,2023-10-08,28.0,66,18,0.79,162,Karang Jaya,Sedang
D0647,2023-10-09,28.9,71,129,0.79,190,Karang Jaya,Sedang
D0648,2023-10-10,28.6,81,672,0.77,158,Karang Jaya,Sedang
D0649,2023-10-11,27.5,80,264,0.76,40,Karang Jaya,Rendah
D0650,2023-10-12,28.8,77,0,0.78,210,Karang Jaya,Sedang
D0651,2023-10-13,28.2,72,0,0.73,126,Karang Jaya,Sedang
D0652,2023-10-14,28.0,72,0,0.76,97,Karang Jaya,Rendah
D0653,2023-10-15,28.2,77,12,0.7,103,Karang Jaya,Sedang
D0654,2023-10-16,27.8,70,0,0.71,139,Karang Jaya,Rendah
D0655,2023-10-17,28.2,70,0,0.68,133,Karang Jaya,Sedang
D0656,2023-10-18,29.0,70,186,0.74,207,Karang Jaya,Sedang
D0657,2023-10-19,27.0,87,348,0.71,132,Karang Jaya,Rendah
D0658,2023-10-20,25.9,86,339,0.77,176,Karang Jaya,Rendah
D0659,2023-10-21,27.9,84,393,0.78,91,Karang Jaya,Rendah
D0660,2023-10-22,26.4,87,96,0.68,183,Karang Jaya,Rendah
D0661,2023-10-23,28.2,82,105,0.69,202,Karang Jaya,Sedang
D0662,2023-10-24,26.5,89,549,0.69,161,Karang Jaya,Rendah
D0663,2023-10-25,26.7,86,870,0.73,152,Karang Jaya,Rendah
D0664,2023-10-26,26.7,86,222,0.69,177,Karang Jaya,Rendah
D0665,2023-10-27,27.0,80,0,0.71,176,Karang Jaya,Rendah
D0666,2023-10-28,27.4,79,24,0.75,91,Karang Jaya,Rendah
D0667,2023-10-29,27.3,84,27,0.72,143,Karang Jaya,Rendah
D0668,2023-10-30,27.2,79,3,0.71,171,Karang Jaya,Rendah
D0669,2023-10-31,27.6,85,72,0.69,228,Karang Jaya,Rendah
D0670,2023-11-01,26.7,85,81,0.76,124,Karang Jaya,Rendah
D0671,2023-11-02,27.9,82,126,0.74,243,Karang Jaya,Rendah
D0672,2023-11-03,27.2,82,201,0.77,134,Karang Jaya,Rendah
D0673,2023-11-04,27.6,83,291,0.73,173,Karang Jaya,Rendah
D0674,2023-11-05,27.2,89,345,0.74,181,Karang Jaya,Rendah
D0675,2023-11-06,27.3,88,378,0.72,131,Karang Jaya,Rendah
D0676,2023-11-07,27.2,90,306,0.75,81,Karang Jaya,Rendah
D0677,2023-11-08,26.5,88,51,0.75,169,Karang Jaya,Rendah
D0678,2023-11-09,28.0,84,402,0.76,172,Karang Jaya,Rendah
D0679,2023-11-10,27.5,81,6,0.78,203,Karang Jaya,Rendah
D0680,2023-11-11,27.5,86,162,0.71,185,Karang Jaya,Rendah
D0681,2023-11-12,27.2,88,87,0.75,168,Karang Jaya,Rendah
D0682,2023-11-13,27.2,85,495,0.77,132,Karang Jaya,Rendah
D0683,2023-11-14,26.5,91,453,0.74,174,Karang Jaya,Rendah
D0684,2023-11-15,27.9,86,117,0.68,124,Karang Jaya,Rendah
D0685,2023-11-16,26.6,90,207,0.8,266,Karang Jaya,Rendah
D0686,2023-11-17,27.1,91,147,0.71,255,Karang Jaya,Rendah
D0687,2023-11-18,27.5,87,357,0.7,193,Karang Jaya,Rendah
D0688,2023-11-19,26.6,89,348,0.73,125,Karang Jaya,Rendah
D0689,2023-11-20,26.4,92,51,0.72,147,Karang Jaya,Rendah
D0690,2023-11-21,28.2,86,204,0.69,197,Karang Jaya,Sedang
D0691,2023-11-22,25.8,91,546,0.74,197,Karang Jaya,Rendah
D0692,2023-11-23,27.3,87,78,0.73,76,Karang Jaya,Rendah
D0693,2023-11-24,27.1,88,894,0.71,168,Karang Jaya,Rendah
D0694,2023-11-25,25.0,92,738,0.75,174,Karang Jaya,Rendah
D0695,2023-11-26,26.4,93,1044,0.7,132,Karang Jaya,Rendah
D0696,2023-11-27,25.7,92,1215,0.74,184,Karang Jaya,Rendah
D0697,2023-11-28,27.2,89,444,0.76,147,Karang Jaya,Rendah
D0698,2023-11-29,26.9,90,90,0.76,224,Karang Jaya,Rendah
D0699,2023-11-30,26.6,90,576,0.7,156,Karang Jaya,Rendah
D0700,2023-12-01,26.8,91,222,0.74,127,Karang Jaya,Rendah
D0701,2023-12-02,25.8,89,705,0.75,142,Karang Jaya,Rendah
D0702,2023-12-03,26.9,89,918,0.78,140,Karang Jaya,Rendah
D0703,2023-12-04,27.0,88,252,0.76,153,Karang Jaya,Rendah
D0704,2023-12-05,27.4,86,687,0.71,109,Karang Jaya,Rendah
D0705,2023-12-06,26.4,90,840,0.68,112,Karang Jaya,Rendah
D0706,2023-12-07,26.5,91,522,0.76,149,Karang Jaya,Rendah
D0707,2023-12-08,27.5,85,126,0.74,146,Karang Jaya,Rendah
D0708,2023-12-09,26.0,92,522,0.68,150,Karang Jaya,Rendah
D0709,2023-12-10,26.5,91,387,0.71,157,Karang Jaya,Rendah
D0710,2023-12-11,26.5,90,396,0.76,149,Karang Jaya,Rendah
D0711,2023-12-12,25.7,88,732,0.79,164,Karang Jaya,Rendah
D0712,2023-12-13,27.0,85,108,0.7,161,Karang Jaya,Rendah
D0713,2023-12-14,26.5,87,663,0.78,146,Karang Jaya,Rendah
D0714,2023-12-15,27.4,88,48,0.73,189,Karang Jaya,Rendah
D0715,2023-12-16,26.6,90,432,0.8,159,Karang Jaya,Rendah
D0716,2023-12-17,26.8,89,252,0.76,210,Karang Jaya,Rendah
D0717,2023-12-18,25.8,90,126,0.77,182,Karang Jaya,Rendah
D0718,2023-12-19,25.0,91,867,0.69,171,Karang Jaya,Rendah
D0719,2023-12-20,26.8,90,660,0.7,108,Karang Jaya,Rendah
D0720,2023-12-21,26.5,89,489,0.75,150,Karang Jaya,Rendah
D0721,2023-12-22,25.8,88,363,0.69,139,Karang Jaya,Rendah
D0722,2023-12-23,27.6,86,63,0.78,148,Karang Jaya,Rendah
D0723,2023-12-24,27.6,87,477,0.74,165,Karang Jaya,Rendah
D0724,2023-12-25,26.2,89,405,0.79,154,Karang Jaya,Rendah
D0725,2023-12-26,26.8,89,288,0.68,181,Karang Jaya,Rendah
D0726,2023-12-27,26.5,89,591,0.75,135,Karang Jaya,Rendah
D0727,2023-12-28,25.7,90,180,0.77,138,Karang Jaya,Rendah
D0728,2023-12-29,27.6,88,435,0.71,159,Karang Jaya,Rendah
D0729,2023-12-30,26.4,90,1437,0.73,178,Karang Jaya,Rendah
D0730,2023-12-31,27.4,88,420,0.7,129,Karang Jaya,Rendah
D0731,2023-01-01,26.6,87,855,0.57,512,Rawas Ulu,Rendah
D0732,2023-01-02,28.1,88,372,0.53,620,Rawas Ulu,Sedang
D0733,2023-01-03,27.4,89,153,0.52,631,Rawas Ulu,Rendah
D0734,2023-01-04,26.3,89,213,0.57,522,Rawas Ulu,Rendah
D0735,2023-01-05,27.8,85,351,0.51,666,Rawas Ulu,Rendah
D0736,2023-01-06,28.3,87,114,0.59,618,Rawas Ulu,Sedang
D0737,2023-01-07,28.3,87,426,0.56,611,Rawas Ulu,Sedang
D0738,2023-01-08,28.9,86,279,0.58,606,Rawas Ulu,Sedang
D0739,2023-01-09,28.9,85,60,0.49,655,Rawas Ulu,Sedang
D0740,2023-01-10,28.3,85,354,0.57,672,Rawas Ulu,Sedang
D0741,2023-01-11,27.9,87,282,0.49,654,Rawas Ulu,Rendah
D0742,2023-01-12,27.5,87,225,0.51,621,Rawas Ulu,Rendah
D0743,2023-01-13,27.5,91,297,0.5,572,Rawas Ulu,Rendah
D0744,2023-01-14,28.0,87,216,0.48,636,Rawas Ulu,Sedang
D0745,2023-01-15,27.7,90,360,0.49,592,Rawas Ulu,Rendah
D0746,2023-01-16,27.5,89,195,0.52,600,Rawas Ulu,Rendah
D0747,2023-01-17,27.8,91,765,0.49,690,Rawas Ulu,Rendah
D0748,2023-01-18,26.7,88,651,0.55,570,Rawas Ulu,Rendah
D0749,2023-01-19,26.6,92,588,0.53,641,Rawas Ulu,Rendah
D0750,2023-01-20,27.7,87,372,0.49,645,Rawas Ulu,Rendah
D0751,2023-01-21,27.7,85,129,0.53,605,Rawas Ulu,Rendah
D0752,2023-01-22,28.2,87,522,0.51,621,Rawas Ulu,Sedang
D0753,2023-01-23,26.9,89,636,0.55,626,Rawas Ulu,Rendah
D0754,2023-01-24,26.7,89,327,0.59,637,Rawas Ulu,Rendah
D0755,2023-01-25,27.2,82,30,0.55,631,Rawas Ulu,Rendah
D0756,2023-01-26,28.6,82,3,0.58,587,Rawas Ulu,Sedang
D0757,2023-01-27,28.9,85,405,0.6,643,Rawas Ulu,Sedang
D0758,2023-01-28,27.4,86,333,0.5,646,Rawas Ulu,Rendah
D0759,2023-01-29,27.6,87,42,0.6,652,Rawas Ulu,Rendah
D0760,2023-01-30,28.0,84,210,0.54,614,Rawas Ulu,Rendah
D0761,2023-01-31,27.0,88,360,0.51,568,Rawas Ulu,Rendah
D0762,2023-02-01,28.1,85,6,0.49,671,Rawas Ulu,Sedang
D0763,2023-02-02,28.1,86,264,0.55,562,Rawas Ulu,Sedang
D0764,2023-02-03,28.3,87,3,0.59,603,Rawas Ulu,Sedang
D0765,2023-02-04,29.0,84,420,0.57,590,Rawas Ulu,Sedang
D0766,2023-02-05,29.3,83,48,0.58,632,Rawas Ulu,Sedang
D0767,2023-02-06,28.0,84,0,0.53,564,Rawas Ulu,Rendah
D0768,2023-02-07,28.9,84,123,0.56,620,Rawas Ulu,Sedang
D0769,2023-02-08,29.1,83,6,0.57,729,Rawas Ulu,Sedang
D0770,2023-02-09,29.4,81,21,0.53,674,Rawas Ulu,Sedang
D0771,2023-02-10,29.9,82,141,0.59,603,Rawas Ulu,Sedang
D0772,2023-02-11,29.2,80,114,0.52,574,Rawas Ulu,Sedang
D0773,2023-02-12,29.4,81,12,0.54,610,Rawas Ulu,Sedang
D0774,2023-02-13,28.8,80,57,0.56,608,Rawas Ulu,Sedang
D0775,2023-02-14,29.4,81,132,0.56,730,Rawas Ulu,Sedang
D0776,2023-02-15,28.3,88,132,0.53,651,Rawas Ulu,Sedang
D0777,2023-02-16,27.4,86,216,0.6,615,Rawas Ulu,Rendah
D0778,2023-02-17,28.9,79,108,0.54,622,Rawas Ulu,Sedang
D0779,2023-02-18,28.6,83,87,0.55,582,Rawas Ulu,Sedang
D0780,2023-02-19,28.0,88,429,0.57,601,Rawas Ulu,Rendah
D0781,2023-02-20,26.9,88,333,0.54,615,Rawas Ulu,Rendah
D0782,2023-02-21,28.7,88,183,0.53,627,Rawas Ulu,Sedang
D0783,2023-02-22,27.1,89,726,0.49,640,Rawas Ulu,Rendah
D0784,2023-02-23,27.1,87,201,0.53,612,Rawas Ulu,Rendah
D0785,2023-02-24,28.2,86,1146,0.54,578,Rawas Ulu,Sedang
D0786,2023-02-25,27.9,84,465,0.52,626,Rawas Ulu,Rendah
D0787,2023-02-26,28.6,83,132,0.58,678,Rawas Ulu,Sedang
D0788,2023-02-27,27.2,83,225,0.56,671,Rawas Ulu,Rendah
D0789,2023-02-28,27.3,84,159,0.6,620,Rawas Ulu,Rendah
D0790,2023-03-01,28.7,86,117,0.55,644,Rawas Ulu,Sedang
D0791,2023-03-02,28.5,82,21,0.51,599,Rawas Ulu,Sedang
D0792,2023-03-03,26.8,86,330,0.53,634,Rawas Ulu,Rendah
D0793,2023-03-04,27.5,85,387,0.55,637,Rawas Ulu,Rendah
D0794,2023-03-05,28.0,80,339,0.56,670,Rawas Ulu,Sedang
D0795,2023-03-06,26.8,87,651,0.57,625,Rawas Ulu,Rendah
D0796,2023-03-07,27.4,87,195,0.58,607,Rawas Ulu,Rendah
D0797,2023-03-08,28.8,85,99,0.52,590,Rawas Ulu,Sedang
D0798,2023-03-09,27.8,88,738,0.54,628,Rawas Ulu,Rendah
D0799,2023-03-10,27.1,89,603,0.55,580,Rawas Ulu,Rendah
D0800,2023-03-11,27.6,89,720,0.58,586,Rawas Ulu,Rendah
D0801,2023-03-12,27.9,89,246,0.58,611,Rawas Ulu,Rendah
D0802,2023-03-13,26.5,89,657,0.49,588,Rawas Ulu,Rendah
D0803,2023-03-14,28.4,82,618,0.49,612,Rawas Ulu,Sedang
D0804,2023-03-15,28.0,85,96,0.54,643,Rawas Ulu,Sedang
D0805,2023-03-16,28.4,88,210,0.5,601,Rawas Ulu,Sedang
D0806,2023-03-17,28.3,89,354,0.56,637,Rawas Ulu,Sedang
D0807,2023-03-18,27.9,86,522,0.6,577,Rawas Ulu,Rendah
D0808,2023-03-19,28.2,86,357,0.52,605,Rawas Ulu,Sedang
D0809,2023-03-20,27.3,88,720,0.49,617,Rawas Ulu,Rendah
D0810,2023-03-21,29.7,85,396,0.58,624,Rawas Ulu,Sedang
D0811,2023-03-22,28.6,85,312,0.54,560,Rawas Ulu,Sedang
D0812,2023-03-23,28.3,90,300,0.58,621,Rawas Ulu,Sedang
D0813,2023-03-24,27.8,89,618,0.49,686,Rawas Ulu,Rendah
D0814,2023-03-25,28.5,87,663,0.51,633,Rawas Ulu,Sedang
D0815,2023-03-26,29.1,86,345,0.5,557,Rawas Ulu,Sedang
D0816,2023-03-27,27.9,86,180,0.55,637,Rawas Ulu,Rendah
D0817,2023-03-28,28.3,88,603,0.49,631,Rawas Ulu,Sedang
D0818,2023-03-29,27.7,88,336,0.58,547,Rawas Ulu,Rendah
D0819,2023-03-30,27.1,88,234,0.57,504,Rawas Ulu,Rendah
D0820,2023-03-31,29.1,86,84,0.58,586,Rawas Ulu,Sedang
D0821,2023-04-01,27.5,90,534,0.52,663,Rawas Ulu,Rendah
D0822,2023-04-02,28.3,87,0,0.58,620,Rawas Ulu,Sedang
D0823,2023-04-03,28.1,90,330,0.6,624,Rawas Ulu,Sedang
D0824,2023-04-04,27.9,88,132,0.55,591,Rawas Ulu,Rendah
D0825,2023-04-05,27.0,90,477,0.57,604,Rawas Ulu,Rendah
D0826,2023-04-06,27.2,89,246,0.5,603,Rawas Ulu,Rendah
D0827,2023-04-07,28.2,88,342,0.49,601,Rawas Ulu,Sedang
D0828,2023-04-08,28.5,87,354,0.52,646,Rawas Ulu,Sedang
D0829,2023-04-09,29.1,88,576,0.51,612,Rawas Ulu,Sedang
D0830,2023-04-10,27.1,89,678,0.56,698,Rawas Ulu,Rendah
D0831,2023-04-11,30.3,85,123,0.6,639,Rawas Ulu,Sedang
D0832,2023-04-12,28.3,88,48,0.58,533,Rawas Ulu,Sedang
D0833,2023-04-13,30.3,84,96,0.58,620,Rawas Ulu,Sedang
D0834,2023-04-14,29.7,87,72,0.57,683,Rawas Ulu,Sedang
D0835,2023-04-15,28.7,88,390,0.54,593,Rawas Ulu,Sedang
D0836,2023-04-16,28.6,92,1428,0.53,606,Rawas Ulu,Sedang
D0837,2023-04-17,29.1,86,435,0.59,660,Rawas Ulu,Sedang
D0838,2023-04-18,28.3,91,462,0.59,646,Rawas Ulu,Sedang
D0839,2023-04-19,29.2,90,288,0.59,619,Rawas Ulu,Sedang
D0840,2023-04-20,28.9,90,1203,0.57,622,Rawas Ulu,Sedang
D0841,2023-04-21,27.6,89,666,0.54,601,Rawas Ulu,Rendah
D0842,2023-04-22,28.0,89,753,0.54,588,Rawas Ulu,Sedang
D0843,2023-04-23,29.1,91,255,0.53,627,Rawas Ulu,Sedang
D0844,2023-04-24,29.1,87,408,0.52,650,Rawas Ulu,Sedang
D0845,2023-04-25,28.9,89,84,0.55,584,Rawas Ulu,Sedang
D0846,2023-04-26,27.8,89,120,0.49,623,Rawas Ulu,Rendah
D0847,2023-04-27,29.1,90,318,0.57,601,Rawas Ulu,Sedang
D0848,2023-04-28,27.8,89,246,0.53,625,Rawas Ulu,Rendah
D0849,2023-04-29,28.2,88,501,0.59,638,Rawas Ulu,Sedang
D0850,2023-04-30,28.2,89,786,0.56,678,Rawas Ulu,Sedang
D0851,2023-05-01,28.4,86,867,0.59,612,Rawas Ulu,Sedang
D0852,2023-05-02,30.4,85,555,0.52,677,Rawas Ulu,Sedang
D0853,2023-05-03,29.2,90,798,0.5,593,Rawas Ulu,Sedang
D0854,2023-05-04,29.1,89,483,0.51,640,Rawas Ulu,Sedang
D0855,2023-05-05,28.1,90,480,0.56,665,Rawas Ulu,Sedang
D0856,2023-05-06,29.4,89,228,0.51,620,Rawas Ulu,Sedang
D0857,2023-05-07,29.9,89,567,0.48,596,Rawas Ulu,Sedang
D0858,2023-05-08,28.9,86,369,0.53,551,Rawas Ulu,Sedang
D0859,2023-05-09,28.7,86,0,0.49,572,Rawas Ulu,Sedang
D0860,2023-05-10,30.6,86,198,0.52,663,Rawas Ulu,Sedang
D0861,2023-05-11,28.8,87,660,0.5,629,Rawas Ulu,Sedang
D0862,2023-05-12,27.4,92,108,0.6,554,Rawas Ulu,Rendah
D0863,2023-05-13,29.8,83,12,0.54,677,Rawas Ulu,Sedang
D0864,2023-05-14,30.6,83,99,0.57,623,Rawas Ulu,Sedang
D0865,2023-05-15,30.3,86,87,0.5,569,Rawas Ulu,Sedang
D0866,2023-05-16,28.6,85,9,0.49,652,Rawas Ulu,Sedang
D0867,2023-05-17,29.7,89,93,0.57,587,Rawas Ulu,Sedang
D0868,2023-05-18,27.5,92,222,0.52,599,Rawas Ulu,Rendah
D0869,2023-05-19,28.6,88,255,0.51,663,Rawas Ulu,Sedang
D0870,2023-05-20,29.5,88,21,0.55,645,Rawas Ulu,Sedang
D0871,2023-05-21,27.9,90,30,0.56,653,Rawas Ulu,Rendah
D0872,2023-05-22,28.8,89,39,0.54,573,Rawas Ulu,Sedang
D0873,2023-05-23,29.2,90,417,0.57,617,Rawas Ulu,Sedang
D0874,2023-05-24,29.0,87,66,0.59,632,Rawas Ulu,Sedang
D0875,2023-05-25,29.7,85,12,0.49,567,Rawas Ulu,Sedang
D0876,2023-05-26,29.9,88,513,0.6,620,Rawas Ulu,Sedang
D0877,2023-05-27,29.1,88,270,0.59,673,Rawas Ulu,Sedang
D0878,2023-05-28,29.1,90,330,0.52,678,Rawas Ulu,Sedang
D0879,2023-05-29,28.1,88,87,0.57,685,Rawas Ulu,Sedang
D0880,2023-05-30,27.8,90,234,0.49,601,Rawas Ulu,Rendah
D0881,2023-05-31,28.9,88,189,0.48,685,Rawas Ulu,Sedang
D0882,2023-06-01,29.2,88,282,0.56,646,Rawas Ulu,Sedang
D0883,2023-06-02,29.7,86,168,0.53,616,Rawas Ulu,Sedang
D0884,2023-06-03,28.6,88,81,0.55,605,Rawas Ulu,Sedang
D0885,2023-06-04,29.0,90,489,0.52,594,Rawas Ulu,Sedang
D0886,2023-06-05,28.8,87,57,0.54,619,Rawas Ulu,Sedang
D0887,2023-06-06,27.3,90,312,0.56,650,Rawas Ulu,Rendah
D0888,2023-06-07,28.7,90,642,0.56,568,Rawas Ulu,Sedang
D0889,2023-06-08,27.6,91,168,0.58,635,Rawas Ulu,Rendah
D0890,2023-06-09,28.6,89,78,0.53,626,Rawas Ulu,Sedang
D0891,2023-06-10,28.2,85,258,0.52,617,Rawas Ulu,Sedang
D0892,2023-06-11,29.7,84,270,0.56,555,Rawas Ulu,Sedang
D0893,2023-06-12,29.2,86,225,0.5,666,Rawas Ulu,Sedang
D0894,2023-06-13,28.1,87,12,0.57,606,Rawas Ulu,Sedang
D0895,2023-06-14,29.7,88,108,0.5,626,Rawas Ulu,Sedang
D0896,2023-06-15,27.5,90,414,0.57,589,Rawas Ulu,Rendah
D0897,2023-06-16,29.0,87,216,0.58,618,Rawas Ulu,Sedang
D0898,2023-06-17,28.0,85,57,0.55,634,Rawas Ulu,Rendah
D0899,2023-06-18,28.9,87,78,0.53,590,Rawas Ulu,Sedang
D0900,2023-06-19,27.8,88,549,0.52,656,Rawas Ulu,Rendah
D0901,2023-06-20,28.1,87,12,0.49,563,Rawas Ulu,Sedang
D0902,2023-06-21,28.1,85,462,0.54,592,Rawas Ulu,Sedang
D0903,2023-06-22,28.6,88,186,0.58,621,Rawas Ulu,Sedang
D0904,2023-06-23,29.7,84,360,0.5,665,Rawas Ulu,Sedang
D0905,2023-06-24,29.4,88,105,0.58,537,Rawas Ulu,Sedang
D0906,2023-06-25,28.3,89,363,0.53,592,Rawas Ulu,Sedang
D0907,2023-06-26,27.1,90,414,0.53,615,Rawas Ulu,Rendah
D0908,2023-06-27,28.4,90,198,0.52,589,Rawas Ulu,Sedang
D0909,2023-06-28,29.5,88,156,0.59,651,Rawas Ulu,Sedang
D0910,2023-06-29,28.2,87,66,0.59,685,Rawas Ulu,Sedang
D0911,2023-06-30,28.5,88,471,0.54,605,Rawas Ulu,Sedang
D0912,2023-07-01,27.2,89,942,0.55,695,Rawas Ulu,Rendah
D0913,2023-07-02,28.6,87,12,0.5,589,Rawas Ulu,Sedang
D0914,2023-07-03,28.9,88,234,0.54,607,Rawas Ulu,Sedang
D0915,2023-07-04,29.9,87,324,0.54,623,Rawas Ulu,Sedang
D0916,2023-07-05,27.8,90,864,0.57,594,Rawas Ulu,Rendah
D0917,2023-07-06,27.7,90,354,0.48,596,Rawas Ulu,Rendah
D0918,2023-07-07,29.0,89,111,0.58,635,Rawas Ulu,Sedang
D0919,2023-07-08,29.3,87,123,0.59,678,Rawas Ulu,Sedang
D0920,2023-07-09,27.4,90,486,0.57,620,Rawas Ulu,Rendah
D0921,2023-07-10,27.0,89,570,0.54,623,Rawas Ulu,Rendah
D0922,2023-07-11,27.8,91,231,0.6,666,Rawas Ulu,Rendah
D0923,2023-07-12,28.8,86,6,0.49,695,Rawas Ulu,Sedang
D0924,2023-07-13,28.6,88,27,0.56,580,Rawas Ulu,Sedang
D0925,2023-07-14,27.7,89,78,0.6,635,Rawas Ulu,Rendah
D0926,2023-07-15,27.4,88,33,0.58,629,Rawas Ulu,Rendah
D0927,2023-07-16,28.3,85,114,0.55,526,Rawas Ulu,Sedang
D0928,2023-07-17,28.0,89,459,0.51,661,Rawas Ulu,Sedang
D0929,2023-07-18,27.6,89,786,0.58,601,Rawas Ulu,Rendah
D0930,2023-07-19,28.0,81,45,0.51,558,Rawas Ulu,Sedang
D0931,2023-07-20,27.7,84,60,0.5,629,Rawas Ulu,Rendah
D0932,2023-07-21,28.3,83,6,0.5,568,Rawas Ulu,Sedang
D0933,2023-07-22,28.4,84,69,0.53,520,Rawas Ulu,Sedang
D0934,2023-07-23,28.1,88,306,0.52,597,Rawas Ulu,Sedang
D0935,2023-07-24,28.4,89,69,0.49,653,Rawas Ulu,Sedang
D0936,2023-07-25,28.0,84,0,0.56,670,Rawas Ulu,Rendah
D0937,2023-07-26,28.6,85,36,0.58,612,Rawas Ulu,Sedang
D0938,2023-07-27,29.7,83,9,0.52,635,Rawas Ulu,Sedang
D0939,2023-07-28,28.1,87,42,0.56,613,Rawas Ulu,Sedang
D0940,2023-07-29,28.8,84,15,0.53,742,Rawas Ulu,Sedang
D0941,2023-07-30,28.4,90,333,0.57,620,Rawas Ulu,Sedang
D0942,2023-07-31,27.8,81,24,0.5,664,Rawas Ulu,Rendah
D0943,2023-08-01,29.7,79,30,0.58,641,Rawas Ulu,Sedang
D0944,2023-08-02,29.7,83,387,0.52,618,Rawas Ulu,Sedang
D0945,2023-08-03,28.7,88,1122,0.56,594,Rawas Ulu,Sedang
D0946,2023-08-04,28.1,86,51,0.48,605,Rawas Ulu,Sedang
D0947,2023-08-05,29.6,83,72,0.59,601,Rawas Ulu,Sedang
D0948,2023-08-06,28.8,82,0,0.58,627,Rawas Ulu,Sedang
D0949,2023-08-07,28.8,84,111,0.49,597,Rawas Ulu,Sedang
D0950,2023-08-08,28.0,88,54,0.58,625,Rawas Ulu,Rendah
D0951,2023-08-09,27.4,88,180,0.48,610,Rawas Ulu,Rendah
D0952,2023-08-10,28.3,83,27,0.5,598,Rawas Ulu,Sedang
D0953,2023-08-11,28.3,81,3,0.59,674,Rawas Ulu,Sedang
D0954,2023-08-12,28.8,84,66,0.52,632,Rawas Ulu,Sedang
D0955,2023-08-13,28.2,85,96,0.55,650,Rawas Ulu,Sedang
D0956,2023-08-14,29.9,81,15,0.5,632,Rawas Ulu,Sedang
D0957,2023-08-15,29.0,87,258,0.54,571,Rawas Ulu,Sedang
D0958,2023-08-16,28.2,90,405,0.6,568,Rawas Ulu,Sedang
D0959,2023-08-17,29.1,88,21,0.52,576,Rawas Ulu,Sedang
D0960,2023-08-18,27.9,89,279,0.54,608,Rawas Ulu,Rendah
D0961,2023-08-19,28.3,91,1191,0.5,609,Rawas Ulu,Sedang
D0962,2023-08-20,27.1,89,51,0.57,645,Rawas Ulu,Rendah
D0963,2023-08-21,29.2,88,360,0.6,553,Rawas Ulu,Sedang
D0964,2023-08-22,27.7,85,39,0.6,608,Rawas Ulu,Rendah
D0965,2023-08-23,29.8,82,6,0.56,613,Rawas Ulu,Sedang
D0966,2023-08-24,30.0,83,345,0.49,693,Rawas Ulu,Sedang
D0967,2023-08-25,27.6,88,609,0.51,660,Rawas Ulu,Rendah
D0968,2023-08-26,29.1,87,189,0.58,562,Rawas Ulu,Sedang
D0969,2023-08-27,29.0,88,99,0.5,560,Rawas Ulu,Sedang
D0970,2023-08-28,27.4,88,63,0.59,581,Rawas Ulu,Rendah
D0971,2023-08-29,28.4,88,267,0.56,668,Rawas Ulu,Sedang
D0972,2023-08-30,29.9,84,42,0.5,604,Rawas Ulu,Sedang
D0973,2023-08-31,29.1,78,3,0.59,586,Rawas Ulu,Sedang
D0974,2023-09-01,28.2,75,0,0.49,621,Rawas Ulu,Sedang
D0975,2023-09-02,29.9,76,0,0.51,619,Rawas Ulu,Sedang
D0976,2023-09-03,28.4,76,0,0.5,620,Rawas Ulu,Sedang
D0977,2023-09-04,28.5,75,0,0.57,687,Rawas Ulu,Sedang
D0978,2023-09-05,28.8,76,0,0.48,583,Rawas Ulu,Sedang
D0979,2023-09-06,30.2,73,3,0.59,631,Rawas Ulu,Sedang
D0980,2023-09-07,28.2,85,111,0.6,544,Rawas Ulu,Sedang
D0981,2023-09-08,28.9,85,147,0.59,606,Rawas Ulu,Sedang
D0982,2023-09-09,27.5,87,153,0.5,631,Rawas Ulu,Rendah
D0983,2023-09-10,28.7,86,21,0.59,646,Rawas Ulu,Sedang
D0984,2023-09-11,29.5,83,6,0.5,522,Rawas Ulu,Sedang
D0985,2023-09-12,28.1,78,3,0.56,683,Rawas Ulu,Sedang
D0986,2023-09-13,28.8,76,0,0.55,590,Rawas Ulu,Sedang
D0987,2023-09-14,29.9,76,21,0.52,613,Rawas Ulu,Sedang
D0988,2023-09-15,30.6,74,0,0.59,601,Rawas Ulu,Sedang
D0989,2023-09-16,29.0,74,3,0.53,723,Rawas Ulu,Sedang
D0990,2023-09-17,30.9,72,9,0.55,617,Rawas Ulu,Sedang
D0991,2023-09-18,31.2,73,3,0.6,629,Rawas Ulu,Sedang
D0992,2023-09-19,30.1,81,246,0.5,670,Rawas Ulu,Sedang
D0993,2023-09-20,29.0,88,576,0.51,644,Rawas Ulu,Sedang
D0994,2023-09-21,28.6,88,177,0.49,618,Rawas Ulu,Sedang
D0995,2023-09-22,28.4,81,6,0.56,652,Rawas Ulu,Sedang
D0996,2023-09-23,28.1,78,9,0.51,592,Rawas Ulu,Sedang
D0997,2023-09-24,28.9,75,15,0.51,621,Rawas Ulu,Sedang
D0998,2023-09-25,30.3,76,3,0.57,621,Rawas Ulu,Sedang
D0999,2023-09-26,30.3,70,0,0.59,582,Rawas Ulu,Sedang
D1000,2023-09-27,30.0,68,0,0.49,621,Rawas Ulu,Sedang
D1001,2023-09-28,29.4,67,0,0.58,585,Rawas Ulu,Sedang
D1002,2023-09-29,31.2,66,0,0.49,571,Rawas Ulu,Sedang
D1003,2023-09-30,29.5,62,0,0.52,579,Rawas Ulu,Sedang
D1004,2023-10-01,29.9,71,18,0.5,709,Rawas Ulu,Sedang
D1005,2023-10-02,29.7,70,18,0.57,539,Rawas Ulu,Sedang
D1006,2023-10-03,30.4,67,0,0.55,596,Rawas Ulu,Sedang
D1007,2023-10-04,29.4,71,12,0.54,713,Rawas Ulu,Sedang
D1008,2023-10-05,30.2,71,24,0.59,638,Rawas Ulu,Sedang
D1009,2023-10-06,31.7,73,24,0.49,627,Rawas Ulu,Tinggi
D1010,2023-10-07,31.9,65,0,0.57,644,Rawas Ulu,Tinggi
D1011,2023-10-08,30.2,64,6,0.51,615,Rawas Ulu,Sedang
D1012,2023-10-09,31.6,71,39,0.55,648,Rawas Ulu,Tinggi
D1013,2023-10-10,29.8,79,549,0.5,593,Rawas Ulu,Sedang
D1014,2023-10-11,30.1,79,774,0.56,652,Rawas Ulu,Sedang
D1015,2023-10-12,30.3,73,0,0.5,644,Rawas Ulu,Sedang
D1016,2023-10-13,31.4,71,6,0.49,623,Rawas Ulu,Sedang
D1017,2023-10-14,31.0,70,0,0.52,583,Rawas Ulu,Sedang
D1018,2023-10-15,30.7,73,15,0.49,647,Rawas Ulu,Sedang
D1019,2023-10-16,31.0,70,33,0.5,648,Rawas Ulu,Sedang
D1020,2023-10-17,30.7,67,3,0.51,595,Rawas Ulu,Sedang
D1021,2023-10-18,31.4,68,54,0.51,619,Rawas Ulu,Sedang
D1022,2023-10-19,27.7,86,510,0.56,634,Rawas Ulu,Rendah
D1023,2023-10-20,29.0,85,417,0.52,518,Rawas Ulu,Sedang
D1024,2023-10-21,30.4,81,399,0.55,593,Rawas Ulu,Sedang
D1025,2023-10-22,29.6,87,81,0.58,577,Rawas Ulu,Sedang
D1026,2023-10-23,30.9,82,63,0.54,644,Rawas Ulu,Sedang
D1027,2023-10-24,29.1,86,534,0.54,695,Rawas Ulu,Sedang
D1028,2023-10-25,29.0,86,732,0.54,661,Rawas Ulu,Sedang
D1029,2023-10-26,28.3,84,351,0.58,596,Rawas Ulu,Sedang
D1030,2023-10-27,29.3,79,0,0.57,571,Rawas Ulu,Sedang
D1031,2023-10-28,28.9,78,90,0.6,691,Rawas Ulu,Sedang
D1032,2023-10-29,30.0,84,330,0.53,608,Rawas Ulu,Sedang
D1033,2023-10-30,30.5,79,9,0.53,676,Rawas Ulu,Sedang
D1034,2023-10-31,30.0,84,141,0.51,620,Rawas Ulu,Sedang
D1035,2023-11-01,29.1,85,516,0.59,656,Rawas Ulu,Sedang
D1036,2023-11-02,29.6,81,135,0.52,636,Rawas Ulu,Sedang
D1037,2023-11-03,30.0,80,375,0.53,669,Rawas Ulu,Sedang
D1038,2023-11-04,29.2,83,396,0.54,570,Rawas Ulu,Sedang
D1039,2023-11-05,29.6,87,90,0.53,651,Rawas Ulu,Sedang
D1040,2023-11-06,29.4,87,447,0.59,662,Rawas Ulu,Sedang
D1041,2023-11-07,28.8,88,657,0.55,646,Rawas Ulu,Sedang
D1042,2023-11-08,28.9,87,147,0.52,639,Rawas Ulu,Sedang
D1043,2023-11-09,28.4,83,423,0.53,566,Rawas Ulu,Sedang
D1044,2023-11-10,29.4,79,60,0.51,624,Rawas Ulu,Sedang
D1045,2023-11-11,30.4,83,180,0.55,617,Rawas Ulu,Sedang
D1046,2023-11-12,28.6,87,198,0.52,610,Rawas Ulu,Sedang
D1047,2023-11-13,28.5,85,228,0.57,694,Rawas Ulu,Sedang
D1048,2023-11-14,27.4,91,1107,0.58,580,Rawas Ulu,Rendah
D1049,2023-11-15,28.5,86,546,0.51,559,Rawas Ulu,Sedang
D1050,2023-11-16,27.9,90,351,0.58,623,Rawas Ulu,Rendah
D1051,2023-11-17,28.4,90,423,0.6,550,Rawas Ulu,Sedang
D1052,2023-11-18,29.5,87,435,0.53,646,Rawas Ulu,Sedang
D1053,2023-11-19,29.2,88,195,0.5,637,Rawas Ulu,Sedang
D1054,2023-11-20,29.6,88,33,0.57,692,Rawas Ulu,Sedang
D1055,2023-11-21,29.0,86,87,0.58,597,Rawas Ulu,Sedang
D1056,2023-11-22,27.4,92,957,0.54,618,Rawas Ulu,Rendah
D1057,2023-11-23,28.7,85,21,0.58,627,Rawas Ulu,Sedang
D1058,2023-11-24,29.2,88,855,0.58,614,Rawas Ulu,Sedang
D1059,2023-11-25,27.3,93,798,0.51,534,Rawas Ulu,Rendah
D1060,2023-11-26,28.6,89,594,0.51,644,Rawas Ulu,Sedang
D1061,2023-11-27,26.7,91,495,0.54,607,Rawas Ulu,Rendah
D1062,2023-11-28,28.8,88,336,0.52,605,Rawas Ulu,Sedang
D1063,2023-11-29,28.7,88,231,0.5,656,Rawas Ulu,Sedang
D1064,2023-11-30,29.0,90,711,0.5,582,Rawas Ulu,Sedang
D1065,2023-12-01,27.6,91,429,0.57,608,Rawas Ulu,Rendah
D1066,2023-12-02,28.8,88,426,0.5,590,Rawas Ulu,Sedang
D1067,2023-12-03,28.5,88,624,0.6,656,Rawas Ulu,Sedang
D1068,2023-12-04,28.1,87,240,0.51,575,Rawas Ulu,Sedang
D1069,2023-12-05,28.1,87,516,0.48,632,Rawas Ulu,Sedang
D1070,2023-12-06,28.6,89,603,0.59,553,Rawas Ulu,Sedang
D1071,2023-12-07,29.2,90,480,0.55,650,Rawas Ulu,Sedang
D1072,2023-12-08,30.5,82,51,0.52,621,Rawas Ulu,Sedang
D1073,2023-12-09,28.3,89,183,0.56,586,Rawas Ulu,Sedang
D1074,2023-12-10,28.2,88,327,0.51,637,Rawas Ulu,Sedang
D1075,2023-12-11,27.6,89,357,0.56,638,Rawas Ulu,Rendah
D1076,2023-12-12,28.9,86,576,0.54,585,Rawas Ulu,Sedang
D1077,2023-12-13,29.4,84,204,0.58,580,Rawas Ulu,Sedang
D1078,2023-12-14,27.9,88,819,0.52,661,Rawas Ulu,Rendah
D1079,2023-12-15,30.2,89,27,0.49,677,Rawas Ulu,Sedang
D1080,2023-12-16,28.9,89,501,0.51,616,Rawas Ulu,Sedang
D1081,2023-12-17,28.9,88,399,0.59,614,Rawas Ulu,Sedang
D1082,2023-12-18,28.4,90,291,0.59,641,Rawas Ulu,Sedang
D1083,2023-12-19,28.7,90,456,0.58,573,Rawas Ulu,Sedang
D1084,2023-12-20,29.1,89,555,0.57,586,Rawas Ulu,Sedang
D1085,2023-12-21,27.7,90,648,0.6,618,Rawas Ulu,Rendah
D1086,2023-12-22,28.8,88,273,0.48,661,Rawas Ulu,Sedang
D1087,2023-12-23,28.5,85,159,0.55,643,Rawas Ulu,Sedang
D1088,2023-12-24,29.7,86,390,0.54,679,Rawas Ulu,Sedang
D1089,2023-12-25,29.1,88,510,0.59,598,Rawas Ulu,Sedang
D1090,2023-12-26,29.3,88,654,0.58,579,Rawas Ulu,Sedang
D1091,2023-12-27,28.0,88,441,0.5,637,Rawas Ulu,Sedang
D1092,2023-12-28,29.1,89,204,0.58,632,Rawas Ulu,Sedang
D1093,2023-12-29,28.3,87,561,0.5,605,Rawas Ulu,Sedang
D1094,2023-12-30,28.5,90,1605,0.52,588,Rawas Ulu,Sedang
D1095,2023-12-31,28.5,86,231,0.52,628,Rawas Ulu,Sedang
D1096,2023-01-01,23.8,89,450,0.76,46,Ulu Rawas,Rendah
D1097,2023-01-02,23.9,90,486,0.78,115,Ulu Rawas,Rendah
D1098,2023-01-03,23.8,89,567,0.73,41,Ulu Rawas,Rendah
D1099,2023-01-04,22.6,90,225,0.78,106,Ulu Rawas,Rendah
D1100,2023-01-05,24.5,85,126,0.73,51,Ulu Rawas,Rendah
D1101,2023-01-06,24.5,85,111,0.74,92,Ulu Rawas,Rendah
D1102,2023-01-07,23.9,86,195,0.83,119,Ulu Rawas,Rendah
D1103,2023-01-08,24.5,85,267,0.76,66,Ulu Rawas,Rendah
D1104,2023-01-09,23.6,84,237,0.8,13,Ulu Rawas,Rendah
D1105,2023-01-10,25.0,83,207,0.8,111,Ulu Rawas,Rendah
D1106,2023-01-11,24.4,88,615,0.74,80,Ulu Rawas,Rendah
D1107,2023-01-12,23.8,90,213,0.78,81,Ulu Rawas,Rendah
D1108,2023-01-13,23.0,92,486,0.8,63,Ulu Rawas,Rendah
D1109,2023-01-14,23.7,84,423,0.84,72,Ulu Rawas,Rendah
D1110,2023-01-15,23.0,89,378,0.76,87,Ulu Rawas,Rendah
D1111,2023-01-16,23.8,89,630,0.76,92,Ulu Rawas,Rendah
D1112,2023-01-17,22.0,93,729,0.8,58,Ulu Rawas,Rendah
D1113,2023-01-18,23.2,87,675,0.8,69,Ulu Rawas,Rendah
D1114,2023-01-19,21.9,92,699,0.79,97,Ulu Rawas,Rendah
D1115,2023-01-20,23.8,87,261,0.82,71,Ulu Rawas,Rendah
D1116,2023-01-21,23.2,86,312,0.79,111,Ulu Rawas,Rendah
D1117,2023-01-22,24.2,88,225,0.83,116,Ulu Rawas,Rendah
D1118,2023-01-23,22.7,91,480,0.76,79,Ulu Rawas,Rendah
D1119,2023-01-24,22.5,90,144,0.83,115,Ulu Rawas,Rendah
D1120,2023-01-25,22.6,85,66,0.81,61,Ulu Rawas,Rendah
D1121,2023-01-26,22.9,86,30,0.81,60,Ulu Rawas,Rendah
D1122,2023-01-27,23.1,87,330,0.8,67,Ulu Rawas,Rendah
D1123,2023-01-28,22.7,88,297,0.83,79,Ulu Rawas,Rendah
D1124,2023-01-29,23.0,90,102,0.84,129,Ulu Rawas,Rendah
D1125,2023-01-30,23.1,87,327,0.8,140,Ulu Rawas,Rendah
D1126,2023-01-31,23.1,89,126,0.77,87,Ulu Rawas,Rendah
D1127,2023-02-01,23.7,88,33,0.78,115,Ulu Rawas,Rendah
D1128,2023-02-02,24.2,90,690,0.76,130,Ulu Rawas,Rendah
D1129,2023-02-03,23.5,88,225,0.8,74,Ulu Rawas,Rendah
D1130,2023-02-04,23.5,84,225,0.82,134,Ulu Rawas,Rendah
D1131,2023-02-05,23.7,87,84,0.81,94,Ulu Rawas,Rendah
D1132,2023-02-06,23.3,83,15,0.74,93,Ulu Rawas,Rendah
D1133,2023-02-07,24.6,86,183,0.75,54,Ulu Rawas,Rendah
D1134,2023-02-08,24.0,83,15,0.76,77,Ulu Rawas,Rendah
D1135,2023-02-09,24.4,84,327,0.78,104,Ulu Rawas,Rendah
D1136,2023-02-10,25.0,80,30,0.72,169,Ulu Rawas,Rendah
D1137,2023-02-11,23.6,76,54,0.83,110,Ulu Rawas,Rendah
D1138,2023-02-12,24.6,79,3,0.73,29,Ulu Rawas,Rendah
D1139,2023-02-13,24.5,73,0,0.81,104,Ulu Rawas,Rendah
D1140,2023-02-14,24.4,78,237,0.84,98,Ulu Rawas,Rendah
D1141,2023-02-15,22.6,89,177,0.78,100,Ulu Rawas,Rendah
D1142,2023-02-16,24.0,88,249,0.75,94,Ulu Rawas,Rendah
D1143,2023-02-17,24.9,81,123,0.76,79,Ulu Rawas,Rendah
D1144,2023-02-18,24.9,85,252,0.73,63,Ulu Rawas,Rendah
D1145,2023-02-19,23.2,90,558,0.8,98,Ulu Rawas,Rendah
D1146,2023-02-20,23.8,91,369,0.79,113,Ulu Rawas,Rendah
D1147,2023-02-21,23.2,90,900,0.73,90,Ulu Rawas,Rendah
D1148,2023-02-22,22.6,92,636,0.84,57,Ulu Rawas,Rendah
D1149,2023-02-23,23.5,91,516,0.77,122,Ulu Rawas,Rendah
D1150,2023-02-24,22.5,90,624,0.82,23,Ulu Rawas,Rendah
D1151,2023-02-25,23.7,83,150,0.8,169,Ulu Rawas,Rendah
D1152,2023-02-26,23.8,86,318,0.77,114,Ulu Rawas,Rendah
D1153,2023-02-27,23.2,86,648,0.82,69,Ulu Rawas,Rendah
D1154,2023-02-28,22.7,85,300,0.76,58,Ulu Rawas,Rendah
D1155,2023-03-01,22.5,89,369,0.8,136,Ulu Rawas,Rendah
D1156,2023-03-02,23.0,87,267,0.83,10,Ulu Rawas,Rendah
D1157,2023-03-03,23.1,87,129,0.77,109,Ulu Rawas,Rendah
D1158,2023-03-04,23.5,88,165,0.8,88,Ulu Rawas,Rendah
D1159,2023-03-05,25.0,83,114,0.81,35,Ulu Rawas,Rendah
D1160,2023-03-06,23.0,89,1134,0.8,57,Ulu Rawas,Rendah
D1161,2023-03-07,23.8,89,339,0.78,75,Ulu Rawas,Rendah
D1162,2023-03-08,23.3,88,399,0.75,63,Ulu Rawas,Rendah
D1163,2023-03-09,23.3,90,444,0.8,23,Ulu Rawas,Rendah
D1164,2023-03-10,22.5,89,381,0.84,130,Ulu Rawas,Rendah
D1165,2023-03-11,23.9,89,609,0.8,122,Ulu Rawas,Rendah
D1166,2023-03-12,22.4,90,105,0.82,144,Ulu Rawas,Rendah
D1167,2023-03-13,21.9,92,648,0.78,86,Ulu Rawas,Rendah
D1168,2023-03-14,23.3,88,471,0.75,185,Ulu Rawas,Rendah
D1169,2023-03-15,24.1,88,369,0.77,84,Ulu Rawas,Rendah
D1170,2023-03-16,24.2,90,339,0.77,124,Ulu Rawas,Rendah
D1171,2023-03-17,23.9,89,396,0.77,114,Ulu Rawas,Rendah
D1172,2023-03-18,24.1,87,186,0.73,111,Ulu Rawas,Rendah
D1173,2023-03-19,24.0,88,678,0.79,97,Ulu Rawas,Rendah
D1174,2023-03-20,23.1,90,963,0.79,80,Ulu Rawas,Rendah
D1175,2023-03-21,24.8,88,351,0.78,95,Ulu Rawas,Rendah
D1176,2023-03-22,23.5,88,192,0.76,137,Ulu Rawas,Rendah
D1177,2023-03-23,24.2,89,486,0.75,31,Ulu Rawas,Rendah
D1178,2023-03-24,24.5,88,381,0.78,94,Ulu Rawas,Rendah
D1179,2023-03-25,23.6,90,72,0.81,130,Ulu Rawas,Rendah
D1180,2023-03-26,25.1,88,579,0.76,124,Ulu Rawas,Rendah
D1181,2023-03-27,24.7,88,144,0.84,68,Ulu Rawas,Rendah
D1182,2023-03-28,23.6,90,426,0.73,126,Ulu Rawas,Rendah
D1183,2023-03-29,24.0,86,231,0.74,67,Ulu Rawas,Rendah
D1184,2023-03-30,23.2,90,453,0.79,18,Ulu Rawas,Rendah
D1185,2023-03-31,24.5,86,447,0.83,46,Ulu Rawas,Rendah
D1186,2023-04-01,23.1,88,447,0.81,107,Ulu Rawas,Rendah
D1187,2023-04-02,24.6,88,51,0.77,148,Ulu Rawas,Rendah
D1188,2023-04-03,23.3,88,573,0.81,47,Ulu Rawas,Rendah
D1189,2023-04-04,24.2,87,411,0.8,100,Ulu Rawas,Rendah
D1190,2023-04-05,23.0,90,288,0.78,75,Ulu Rawas,Rendah
D1191,2023-04-06,23.6,90,327,0.83,104,Ulu Rawas,Rendah
D1192,2023-04-07,23.4,86,141,0.83,42,Ulu Rawas,Rendah
D1193,2023-04-08,23.5,87,489,0.79,78,Ulu Rawas,Rendah
D1194,2023-04-09,24.4,88,201,0.79,60,Ulu Rawas,Rendah
D1195,2023-04-10,24.8,88,255,0.78,10,Ulu Rawas,Rendah
D1196,2023-04-11,24.8,83,120,0.81,153,Ulu Rawas,Rendah
D1197,2023-04-12,24.0,88,135,0.84,123,Ulu Rawas,Rendah
D1198,2023-04-13,25.3,83,33,0.77,72,Ulu Rawas,Rendah
D1199,2023-04-14,25.2,84,108,0.81,62,Ulu Rawas,Rendah
D1200,2023-04-15,25.5,88,312,0.81,139,Ulu Rawas,Rendah
D1201,2023-04-16,24.1,89,1140,0.8,96,Ulu Rawas,Rendah
D1202,2023-04-17,25.4,86,396,0.76,133,Ulu Rawas,Rendah
D1203,2023-04-18,24.0,91,321,0.84,21,Ulu Rawas,Rendah
D1204,2023-04-19,23.9,90,744,0.8,10,Ulu Rawas,Rendah
D1205,2023-04-20,24.2,91,1035,0.73,53,Ulu Rawas,Rendah
D1206,2023-04-21,24.2,89,306,0.8,116,Ulu Rawas,Rendah
D1207,2023-04-22,24.9,89,264,0.81,97,Ulu Rawas,Rendah
D1208,2023-04-23,24.5,89,309,0.82,53,Ulu Rawas,Rendah
D1209,2023-04-24,24.0,87,822,0.72,116,Ulu Rawas,Rendah
D1210,2023-04-25,23.7,89,72,0.81,127,Ulu Rawas,Rendah
D1211,2023-04-26,24.7,88,144,0.75,80,Ulu Rawas,Rendah
D1212,2023-04-27,24.5,90,96,0.76,156,Ulu Rawas,Rendah
D1213,2023-04-28,25.4,89,180,0.72,87,Ulu Rawas,Rendah
D1214,2023-04-29,25.3,89,171,0.81,63,Ulu Rawas,Rendah
D1215,2023-04-30,25.1,90,1443,0.81,53,Ulu Rawas,Rendah
D1216,2023-05-01,24.5,88,177,0.82,69,Ulu Rawas,Rendah
D1217,2023-05-02,25.9,89,429,0.8,115,Ulu Rawas,Rendah
D1218,2023-05-03,24.2,91,462,0.84,63,Ulu Rawas,Rendah
D1219,2023-05-04,24.8,89,708,0.79,110,Ulu Rawas,Rendah
D1220,2023-05-05,25.2,89,489,0.81,82,Ulu Rawas,Rendah
D1221,2023-05-06,24.6,91,498,0.82,133,Ulu Rawas,Rendah
D1222,2023-05-07,24.7,90,435,0.81,48,Ulu Rawas,Rendah
D1223,2023-05-08,25.1,87,150,0.79,96,Ulu Rawas,Rendah
D1224,2023-05-09,25.6,85,0,0.74,10,Ulu Rawas,Rendah
D1225,2023-05-10,25.2,84,48,0.74,102,Ulu Rawas,Rendah
D1226,2023-05-11,25.3,85,678,0.77,122,Ulu Rawas,Rendah
D1227,2023-05-12,24.4,90,195,0.74,54,Ulu Rawas,Rendah
D1228,2023-05-13,25.4,80,3,0.81,65,Ulu Rawas,Rendah
D1229,2023-05-14,26.4,83,39,0.74,75,Ulu Rawas,Rendah
D1230,2023-05-15,25.5,88,186,0.79,91,Ulu Rawas,Rendah
D1231,2023-05-16,25.5,88,189,0.78,47,Ulu Rawas,Rendah
D1232,2023-05-17,23.8,90,555,0.76,64,Ulu Rawas,Rendah
D1233,2023-05-18,23.8,90,330,0.74,123,Ulu Rawas,Rendah
D1234,2023-05-19,23.5,90,57,0.78,99,Ulu Rawas,Rendah
D1235,2023-05-20,24.5,89,96,0.75,88,Ulu Rawas,Rendah
D1236,2023-05-21,24.6,90,219,0.75,114,Ulu Rawas,Rendah
D1237,2023-05-22,25.4,89,348,0.78,154,Ulu Rawas,Rendah
D1238,2023-05-23,24.7,90,192,0.72,79,Ulu Rawas,Rendah
D1239,2023-05-24,24.9,88,279,0.77,125,Ulu Rawas,Rendah
D1240,2023-05-25,25.2,86,315,0.84,49,Ulu Rawas,Rendah
D1241,2023-05-26,24.3,89,714,0.76,163,Ulu Rawas,Rendah
D1242,2023-05-27,24.0,89,774,0.78,32,Ulu Rawas,Rendah
D1243,2023-05-28,24.7,91,603,0.83,96,Ulu Rawas,Rendah
D1244,2023-05-29,24.0,87,387,0.77,46,Ulu Rawas,Rendah
D1245,2023-05-30,25.0,90,864,0.83,96,Ulu Rawas,Rendah
D1246,2023-05-31,25.7,86,123,0.74,124,Ulu Rawas,Rendah
D1247,2023-06-01,24.9,89,333,0.78,94,Ulu Rawas,Rendah
D1248,2023-06-02,25.4,88,177,0.81,80,Ulu Rawas,Rendah
D1249,2023-06-03,25.1,88,66,0.77,119,Ulu Rawas,Rendah
D1250,2023-06-04,24.6,91,267,0.84,110,Ulu Rawas,Rendah
D1251,2023-06-05,24.0,87,294,0.8,141,Ulu Rawas,Rendah
D1252,2023-06-06,23.5,92,372,0.78,56,Ulu Rawas,Rendah
D1253,2023-06-07,23.6,92,1041,0.73,147,Ulu Rawas,Rendah
D1254,2023-06-08,23.5,90,246,0.79,103,Ulu Rawas,Rendah
D1255,2023-06-09,24.2,89,18,0.75,37,Ulu Rawas,Rendah
D1256,2023-06-10,24.9,87,96,0.72,116,Ulu Rawas,Rendah
D1257,2023-06-11,25.1,87,96,0.78,45,Ulu Rawas,Rendah
D1258,2023-06-12,25.1,84,207,0.79,37,Ulu Rawas,Rendah
D1259,2023-06-13,25.5,84,171,0.73,97,Ulu Rawas,Rendah
D1260,2023-06-14,23.9,88,318,0.76,72,Ulu Rawas,Rendah
D1261,2023-06-15,24.5,89,327,0.81,43,Ulu Rawas,Rendah
D1262,2023-06-16,24.4,86,162,0.78,95,Ulu Rawas,Rendah
D1263,2023-06-17,24.4,87,318,0.74,25,Ulu Rawas,Rendah
D1264,2023-06-18,24.0,86,81,0.84,125,Ulu Rawas,Rendah
D1265,2023-06-19,24.4,89,357,0.8,141,Ulu Rawas,Rendah
D1266,2023-06-20,25.4,84,42,0.76,44,Ulu Rawas,Rendah
D1267,2023-06-21,24.2,85,51,0.79,61,Ulu Rawas,Rendah
D1268,2023-06-22,24.7,86,219,0.79,74,Ulu Rawas,Rendah
D1269,2023-06-23,25.0,87,306,0.83,58,Ulu Rawas,Rendah
D1270,2023-06-24,24.2,89,51,0.76,142,Ulu Rawas,Rendah
D1271,2023-06-25,23.8,87,534,0.8,57,Ulu Rawas,Rendah
D1272,2023-06-26,22.6,93,666,0.82,79,Ulu Rawas,Rendah
D1273,2023-06-27,24.2,91,1491,0.74,104,Ulu Rawas,Rendah
D1274,2023-06-28,25.0,89,777,0.83,10,Ulu Rawas,Rendah
D1275,2023-06-29,23.8,87,114,0.78,49,Ulu Rawas,Rendah
D1276,2023-06-30,24.6,91,1263,0.73,70,Ulu Rawas,Rendah
D1277,2023-07-01,24.0,90,852,0.78,70,Ulu Rawas,Rendah
D1278,2023-07-02,24.4,88,45,0.73,98,Ulu Rawas,Rendah
D1279,2023-07-03,24.6,87,132,0.83,62,Ulu Rawas,Rendah
D1280,2023-07-04,24.8,86,75,0.76,119,Ulu Rawas,Rendah
D1281,2023-07-05,24.1,89,342,0.79,58,Ulu Rawas,Rendah
D1282,2023-07-06,23.5,91,405,0.72,106,Ulu Rawas,Rendah
D1283,2023-07-07,24.3,91,108,0.75,78,Ulu Rawas,Rendah
D1284,2023-07-08,24.6,90,351,0.74,38,Ulu Rawas,Rendah
D1285,2023-07-09,23.9,90,717,0.83,44,Ulu Rawas,Rendah
D1286,2023-07-10,23.2,89,891,0.79,88,Ulu Rawas,Rendah
D1287,2023-07-11,22.8,92,225,0.79,123,Ulu Rawas,Rendah
D1288,2023-07-12,24.2,85,9,0.78,14,Ulu Rawas,Rendah
D1289,2023-07-13,23.6,88,225,0.83,94,Ulu Rawas,Rendah
D1290,2023-07-14,23.3,89,660,0.78,87,Ulu Rawas,Rendah
D1291,2023-07-15,24.6,89,39,0.79,36,Ulu Rawas,Rendah
D1292,2023-07-16,24.7,86,195,0.79,109,Ulu Rawas,Rendah
D1293,2023-07-17,23.7,91,435,0.84,12,Ulu Rawas,Rendah
D1294,2023-07-18,24.5,86,63,0.75,92,Ulu Rawas,Rendah
D1295,2023-07-19,24.6,80,54,0.81,69,Ulu Rawas,Rendah
D1296,2023-07-20,24.2,84,99,0.77,123,Ulu Rawas,Rendah
D1297,2023-07-21,24.2,86,75,0.8,121,Ulu Rawas,Rendah
D1298,2023-07-22,24.9,85,60,0.74,21,Ulu Rawas,Rendah
D1299,2023-07-23,24.5,90,885,0.77,121,Ulu Rawas,Rendah
D1300,2023-07-24,24.5,89,69,0.84,167,Ulu Rawas,Rendah
D1301,2023-07-25,24.6,85,111,0.78,63,Ulu Rawas,Rendah
D1302,2023-07-26,24.6,86,96,0.73,101,Ulu Rawas,Rendah
D1303,2023-07-27,24.8,84,96,0.73,103,Ulu Rawas,Rendah
D1304,2023-07-28,24.8,89,168,0.78,164,Ulu Rawas,Rendah
D1305,2023-07-29,24.8,87,63,0.73,115,Ulu Rawas,Rendah
D1306,2023-07-30,24.6,88,57,0.78,76,Ulu Rawas,Rendah
D1307,2023-07-31,23.7,84,60,0.82,76,Ulu Rawas,Rendah
D1308,2023-08-01,24.5,80,6,0.8,129,Ulu Rawas,Rendah
D1309,2023-08-02,24.5,85,447,0.8,104,Ulu Rawas,Rendah
D1310,2023-08-03,24.0,89,534,0.83,39,Ulu Rawas,Rendah
D1311,2023-08-04,24.8,86,159,0.76,111,Ulu Rawas,Rendah
D1312,2023-08-05,24.4,84,660,0.79,46,Ulu Rawas,Rendah
D1313,2023-08-06,24.6,83,18,0.74,88,Ulu Rawas,Rendah
D1314,2023-08-07,24.0,83,36,0.75,93,Ulu Rawas,Rendah
D1315,2023-08-08,23.7,88,75,0.76,76,Ulu Rawas,Rendah
D1316,2023-08-09,24.3,88,174,0.82,61,Ulu Rawas,Rendah
D1317,2023-08-10,23.7,84,21,0.78,53,Ulu Rawas,Rendah
D1318,2023-08-11,23.8,80,0,0.82,83,Ulu Rawas,Rendah
D1319,2023-08-12,24.7,84,42,0.73,59,Ulu Rawas,Rendah
D1320,2023-08-13,24.4,86,63,0.72,70,Ulu Rawas,Rendah
D1321,2023-08-14,25.2,85,87,0.73,79,Ulu Rawas,Rendah
D1322,2023-08-15,24.0,89,138,0.79,105,Ulu Rawas,Rendah
D1323,2023-08-16,23.1,91,189,0.72,69,Ulu Rawas,Rendah
D1324,2023-08-17,23.9,89,105,0.73,23,Ulu Rawas,Rendah
D1325,2023-08-18,24.5,90,231,0.84,96,Ulu Rawas,Rendah
D1326,2023-08-19,24.1,92,435,0.79,62,Ulu Rawas,Rendah
D1327,2023-08-20,23.3,91,432,0.82,104,Ulu Rawas,Rendah
D1328,2023-08-21,23.6,89,555,0.81,133,Ulu Rawas,Rendah
D1329,2023-08-22,24.0,85,36,0.77,56,Ulu Rawas,Rendah
D1330,2023-08-23,23.8,82,30,0.73,65,Ulu Rawas,Rendah
D1331,2023-08-24,24.1,84,66,0.82,39,Ulu Rawas,Rendah
D1332,2023-08-25,23.8,88,780,0.73,79,Ulu Rawas,Rendah
D1333,2023-08-26,24.3,86,42,0.79,147,Ulu Rawas,Rendah
D1334,2023-08-27,24.5,88,30,0.73,97,Ulu Rawas,Rendah
D1335,2023-08-28,24.2,91,267,0.74,21,Ulu Rawas,Rendah
D1336,2023-08-29,24.0,90,321,0.81,35,Ulu Rawas,Rendah
D1337,2023-08-30,24.7,85,45,0.78,72,Ulu Rawas,Rendah
D1338,2023-08-31,25.4,81,18,0.75,88,Ulu Rawas,Rendah
D1339,2023-09-01,24.7,78,0,0.81,41,Ulu Rawas,Rendah
D1340,2023-09-02,25.1,76,0,0.81,116,Ulu Rawas,Rendah
D1341,2023-09-03,24.5,77,0,0.73,110,Ulu Rawas,Rendah
D1342,2023-09-04,24.1,77,0,0.82,113,Ulu Rawas,Rendah
D1343,2023-09-05,24.4,77,0,0.83,59,Ulu Rawas,Rendah
D1344,2023-09-06,25.5,72,15,0.81,94,Ulu Rawas,Rendah
D1345,2023-09-07,24.9,85,27,0.73,138,Ulu Rawas,Rendah
D1346,2023-09-08,24.3,87,114,0.76,82,Ulu Rawas,Rendah
D1347,2023-09-09,24.1,89,324,0.74,63,Ulu Rawas,Rendah
D1348,2023-09-10,23.9,86,72,0.77,56,Ulu Rawas,Rendah
D1349,2023-09-11,24.2,83,6,0.75,52,Ulu Rawas,Rendah
D1350,2023-09-12,24.5,75,0,0.81,20,Ulu Rawas,Rendah
D1351,2023-09-13,24.7,75,6,0.76,52,Ulu Rawas,Rendah
D1352,2023-09-14,25.2,76,12,0.76,70,Ulu Rawas,Rendah
D1353,2023-09-15,25.6,74,0,0.81,115,Ulu Rawas,Rendah
D1354,2023-09-16,25.7,74,15,0.77,34,Ulu Rawas,Rendah
D1355,2023-09-17,25.0,76,12,0.74,88,Ulu Rawas,Rendah
D1356,2023-09-18,25.7,78,105,0.79,119,Ulu Rawas,Rendah
D1357,2023-09-19,24.3,83,363,0.8,134,Ulu Rawas,Rendah
D1358,2023-09-20,23.3,88,288,0.73,167,Ulu Rawas,Rendah
D1359,2023-09-21,23.6,89,564,0.83,67,Ulu Rawas,Rendah
D1360,2023-09-22,23.5,83,360,0.73,85,Ulu Rawas,Rendah
D1361,2023-09-23,24.6,82,12,0.77,134,Ulu Rawas,Rendah
D1362,2023-09-24,24.2,82,132,0.81,75,Ulu Rawas,Rendah
D1363,2023-09-25,24.3,80,27,0.83,104,Ulu Rawas,Rendah
D1364,2023-09-26,25.8,70,3,0.74,29,Ulu Rawas,Rendah
D1365,2023-09-27,25.6,68,3,0.82,78,Ulu Rawas,Rendah
D1366,2023-09-28,25.5,65,0,0.78,90,Ulu Rawas,Rendah
D1367,2023-09-29,24.8,68,0,0.74,108,Ulu Rawas,Rendah
D1368,2023-09-30,26.5,62,0,0.74,86,Ulu Rawas,Rendah
D1369,2023-10-01,25.3,74,30,0.81,56,Ulu Rawas,Rendah
D1370,2023-10-02,26.5,73,21,0.78,111,Ulu Rawas,Rendah
D1371,2023-10-03,26.2,69,24,0.73,107,Ulu Rawas,Rendah
D1372,2023-10-04,25.3,74,21,0.83,97,Ulu Rawas,Rendah
D1373,2023-10-05,25.6,74,6,0.84,71,Ulu Rawas,Rendah
D1374,2023-10-06,26.9,74,27,0.83,133,Ulu Rawas,Rendah
D1375,2023-10-07,26.0,68,0,0.75,65,Ulu Rawas,Rendah
D1376,2023-10-08,27.0,66,9,0.76,90,Ulu Rawas,Rendah
D1377,2023-10-09,26.6,73,186,0.82,158,Ulu Rawas,Rendah
D1378,2023-10-10,26.2,80,207,0.79,59,Ulu Rawas,Rendah
D1379,2023-10-11,26.2,77,720,0.84,17,Ulu Rawas,Rendah
D1380,2023-10-12,26.4,69,0,0.84,54,Ulu Rawas,Rendah
D1381,2023-10-13,25.7,68,6,0.78,72,Ulu Rawas,Rendah
D1382,2023-10-14,26.8,65,0,0.73,76,Ulu Rawas,Rendah
D1383,2023-10-15,25.6,75,51,0.84,68,Ulu Rawas,Rendah
D1384,2023-10-16,26.8,70,15,0.83,55,Ulu Rawas,Rendah
D1385,2023-10-17,26.1,64,0,0.72,94,Ulu Rawas,Rendah
D1386,2023-10-18,27.8,62,9,0.8,54,Ulu Rawas,Rendah
D1387,2023-10-19,24.1,87,354,0.73,121,Ulu Rawas,Rendah
D1388,2023-10-20,24.1,86,450,0.83,61,Ulu Rawas,Rendah
D1389,2023-10-21,25.6,79,129,0.83,45,Ulu Rawas,Rendah
D1390,2023-10-22,25.2,85,84,0.74,10,Ulu Rawas,Rendah
D1391,2023-10-23,25.4,79,24,0.82,87,Ulu Rawas,Rendah
D1392,2023-10-24,23.6,87,498,0.79,105,Ulu Rawas,Rendah
D1393,2023-10-25,24.6,84,72,0.73,132,Ulu Rawas,Rendah
D1394,2023-10-26,25.3,83,147,0.79,52,Ulu Rawas,Rendah
D1395,2023-10-27,26.0,74,0,0.78,124,Ulu Rawas,Rendah
D1396,2023-10-28,26.1,75,138,0.78,92,Ulu Rawas,Rendah
D1397,2023-10-29,25.9,82,132,0.83,111,Ulu Rawas,Rendah
D1398,2023-10-30,24.9,77,12,0.83,46,Ulu Rawas,Rendah
D1399,2023-10-31,25.4,83,84,0.75,69,Ulu Rawas,Rendah
D1400,2023-11-01,25.2,84,171,0.78,74,Ulu Rawas,Rendah
D1401,2023-11-02,25.1,81,315,0.78,33,Ulu Rawas,Rendah
D1402,2023-11-03,25.9,80,357,0.84,117,Ulu Rawas,Rendah
D1403,2023-11-04,24.8,84,471,0.78,78,Ulu Rawas,Rendah
D1404,2023-11-05,24.6,87,243,0.79,75,Ulu Rawas,Rendah
D1405,2023-11-06,23.9,87,216,0.79,77,Ulu Rawas,Rendah
D1406,2023-11-07,24.6,89,186,0.78,130,Ulu Rawas,Rendah
D1407,2023-11-08,25.3,88,105,0.76,53,Ulu Rawas,Rendah
D1408,2023-11-09,25.6,85,129,0.76,80,Ulu Rawas,Rendah
D1409,2023-11-10,26.0,79,15,0.75,89,Ulu Rawas,Rendah
D1410,2023-11-11,24.4,84,102,0.75,99,Ulu Rawas,Rendah
D1411,2023-11-12,24.5,87,219,0.75,83,Ulu Rawas,Rendah
D1412,2023-11-13,26.0,85,183,0.74,122,Ulu Rawas,Rendah
D1413,2023-11-14,23.6,92,774,0.74,88,Ulu Rawas,Rendah
D1414,2023-11-15,25.6,86,339,0.84,57,Ulu Rawas,Rendah
D1415,2023-11-16,24.0,89,300,0.78,68,Ulu Rawas,Rendah
D1416,2023-11-17,24.8,88,366,0.79,12,Ulu Rawas,Rendah
D1417,2023-11-18,25.3,89,234,0.77,75,Ulu Rawas,Rendah
D1418,2023-11-19,24.6,90,795,0.78,67,Ulu Rawas,Rendah
D1419,2023-11-20,25.1,86,48,0.77,61,Ulu Rawas,Rendah
D1420,2023-11-21,24.6,87,102,0.83,112,Ulu Rawas,Rendah
D1421,2023-11-22,24.9,90,477,0.72,138,Ulu Rawas,Rendah
D1422,2023-11-23,25.4,85,102,0.74,135,Ulu Rawas,Rendah
D1423,2023-11-24,24.3,89,1299,0.8,111,Ulu Rawas,Rendah
D1424,2023-11-25,23.2,93,657,0.8,141,Ulu Rawas,Rendah
D1425,2023-11-26,23.8,90,879,0.81,110,Ulu Rawas,Rendah
D1426,2023-11-27,23.3,91,723,0.8,55,Ulu Rawas,Rendah
D1427,2023-11-28,24.9,87,324,0.74,92,Ulu Rawas,Rendah
D1428,2023-11-29,25.4,89,267,0.79,47,Ulu Rawas,Rendah
D1429,2023-11-30,23.9,90,588,0.73,95,Ulu Rawas,Rendah
D1430,2023-12-01,23.7,91,981,0.75,104,Ulu Rawas,Rendah
D1431,2023-12-02,25.2,89,762,0.8,75,Ulu Rawas,Rendah
D1432,2023-12-03,24.4,89,477,0.76,123,Ulu Rawas,Rendah
D1433,2023-12-04,23.7,87,132,0.84,59,Ulu Rawas,Rendah
D1434,2023-12-05,24.8,90,459,0.81,93,Ulu Rawas,Rendah
D1435,2023-12-06,23.4,90,618,0.83,76,Ulu Rawas,Rendah
D1436,2023-12-07,23.5,90,1242,0.73,65,Ulu Rawas,Rendah
D1437,2023-12-08,25.0,86,69,0.83,72,Ulu Rawas,Rendah
D1438,2023-12-09,23.6,89,234,0.81,78,Ulu Rawas,Rendah
D1439,2023-12-10,25.0,88,195,0.75,112,Ulu Rawas,Rendah
D1440,2023-12-11,23.7,89,735,0.76,128,Ulu Rawas,Rendah
D1441,2023-12-12,24.9,89,375,0.75,66,Ulu Rawas,Rendah
D1442,2023-12-13,24.9,86,249,0.72,65,Ulu Rawas,Rendah
D1443,2023-12-14,25.3,90,771,0.82,60,Ulu Rawas,Rendah
D1444,2023-12-15,24.9,86,132,0.78,120,Ulu Rawas,Rendah
D1445,2023-12-16,23.5,91,543,0.77,140,Ulu Rawas,Rendah
D1446,2023-12-17,24.5,89,147,0.79,69,Ulu Rawas,Rendah
D1447,2023-12-18,24.0,91,213,0.8,36,Ulu Rawas,Rendah
D1448,2023-12-19,24.0,91,234,0.76,61,Ulu Rawas,Rendah
D1449,2023-12-20,24.4,88,540,0.78,94,Ulu Rawas,Rendah
D1450,2023-12-21,23.4,90,771,0.75,40,Ulu Rawas,Rendah
D1451,2023-12-22,23.7,90,357,0.72,111,Ulu Rawas,Rendah
D1452,2023-12-23,23.9,86,372,0.78,10,Ulu Rawas,Rendah
D1453,2023-12-24,24.0,86,165,0.83,123,Ulu Rawas,Rendah
D1454,2023-12-25,23.8,89,381,0.77,66,Ulu Rawas,Rendah
D1455,2023-12-26,24.1,89,159,0.75,118,Ulu Rawas,Rendah
D1456,2023-12-27,23.9,91,390,0.79,81,Ulu Rawas,Rendah
D1457,2023-12-28,24.1,90,357,0.74,77,Ulu Rawas,Rendah
D1458,2023-12-29,24.5,89,936,0.75,41,Ulu Rawas,Rendah
D1459,2023-12-30,24.5,91,1101,0.75,88,Ulu Rawas,Rendah
D1460,2023-12-31,24.3,87,345,0.8,10,Ulu Rawas,Rendah
D1461,2023-01-01,30.3,88,450,0.37,1864,Rawas Ilir,Sedang
D1462,2023-01-02,29.3,88,177,0.3,1812,Rawas Ilir,Sedang
D1463,2023-01-03,29.7,90,687,0.36,1827,Rawas Ilir,Sedang
D1464,2023-01-04,28.5,88,33,0.3,1829,Rawas Ilir,Sedang
D1465,2023-01-05,29.5,84,324,0.29,1825,Rawas Ilir,Sedang
D1466,2023-01-06,30.8,89,216,0.31,1845,Rawas Ilir,Sedang
D1467,2023-01-07,30.3,88,138,0.37,1852,Rawas Ilir,Sedang
D1468,2023-01-08,30.4,86,309,0.32,1872,Rawas Ilir,Sedang
D1469,2023-01-09,31.4,84,15,0.38,1894,Rawas Ilir,Sedang
D1470,2023-01-10,31.6,85,456,0.32,1850,Rawas Ilir,Tinggi
D1471,2023-01-11,29.2,86,162,0.39,1914,Rawas Ilir,Sedang
D1472,2023-01-12,29.9,87,174,0.34,1873,Rawas Ilir,Sedang
D1473,2023-01-13,29.2,91,249,0.38,1880,Rawas Ilir,Sedang
D1474,2023-01-14,30.6,87,42,0.37,1782,Rawas Ilir,Sedang
D1475,2023-01-15,29.2,89,159,0.37,1789,Rawas Ilir,Sedang
D1476,2023-01-16,30.5,89,489,0.34,1872,Rawas Ilir,Sedang
D1477,2023-01-17,29.4,91,705,0.34,1894,Rawas Ilir,Sedang
D1478,2023-01-18,29.0,88,285,0.32,1845,Rawas Ilir,Sedang
D1479,2023-01-19,28.7,91,441,0.36,1940,Rawas Ilir,Sedang
D1480,2023-01-20,29.9,89,258,0.31,1874,Rawas Ilir,Sedang
D1481,2023-01-21,29.6,86,105,0.3,1910,Rawas Ilir,Sedang
D1482,2023-01-22,30.2,87,786,0.29,1799,Rawas Ilir,Sedang
D1483,2023-01-23,28.5,89,624,0.32,1865,Rawas Ilir,Sedang
D1484,2023-01-24,28.6,84,33,0.37,1877,Rawas Ilir,Sedang
D1485,2023-01-25,29.8,84,72,0.29,1859,Rawas Ilir,Sedang
D1486,2023-01-26,29.4,82,6,0.32,1806,Rawas Ilir,Sedang
D1487,2023-01-27,31.2,84,129,0.3,1896,Rawas Ilir,Sedang
D1488,2023-01-28,30.2,87,546,0.4,1880,Rawas Ilir,Sedang
D1489,2023-01-29,29.8,88,51,0.29,1812,Rawas Ilir,Sedang
D1490,2023-01-30,29.2,86,111,0.3,1801,Rawas Ilir,Sedang
D1491,2023-01-31,29.7,88,237,0.4,1866,Rawas Ilir,Sedang
D1492,2023-02-01,29.7,84,30,0.33,1785,Rawas Ilir,Sedang
D1493,2023-02-02,30.8,87,471,0.36,1837,Rawas Ilir,Sedang
D1494,2023-02-03,30.5,85,45,0.34,1866,Rawas Ilir,Sedang
D1495,2023-02-04,30.1,85,363,0.32,1842,Rawas Ilir,Sedang
D1496,2023-02-05,31.1,84,159,0.32,1826,Rawas Ilir,Sedang
D1497,2023-02-06,30.7,83,0,0.31,1893,Rawas Ilir,Sedang
D1498,2023-02-07,29.9,84,234,0.29,1773,Rawas Ilir,Sedang
D1499,2023-02-08,30.5,81,12,0.32,1847,Rawas Ilir,Sedang
D1500,2023-02-09,31.3,81,108,0.36,1888,Rawas Ilir,Sedang
D1501,2023-02-10,32.4,81,180,0.3,1928,Rawas Ilir,Tinggi
D1502,2023-02-11,31.2,84,183,0.31,1859,Rawas Ilir,Sedang
D1503,2023-02-12,31.0,83,0,0.36,1812,Rawas Ilir,Sedang
D1504,2023-02-13,31.5,81,210,0.34,1841,Rawas Ilir,Tinggi
D1505,2023-02-14,30.6,82,291,0.35,1825,Rawas Ilir,Sedang
D1506,2023-02-15,29.2,88,129,0.34,1901,Rawas Ilir,Sedang
D1507,2023-02-16,29.7,84,27,0.38,1905,Rawas Ilir,Sedang
D1508,2023-02-17,30.6,77,18,0.34,1909,Rawas Ilir,Sedang
D1509,2023-02-18,31.1,82,174,0.35,1880,Rawas Ilir,Sedang
D1510,2023-02-19,29.3,87,354,0.36,1800,Rawas Ilir,Sedang
D1511,2023-02-20,30.6,88,366,0.32,1838,Rawas Ilir,Sedang
D1512,2023-02-21,29.9,88,228,0.31,1841,Rawas Ilir,Sedang
D1513,2023-02-22,28.8,88,432,0.39,1912,Rawas Ilir,Sedang
D1514,2023-02-23,30.7,88,243,0.35,1884,Rawas Ilir,Sedang
D1515,2023-02-24,30.2,87,876,0.33,1808,Rawas Ilir,Sedang
D1516,2023-02-25,29.5,84,399,0.31,1896,Rawas Ilir,Sedang
D1517,2023-02-26,31.3,82,66,0.29,1819,Rawas Ilir,Sedang
D1518,2023-02-27,30.5,83,126,0.29,1940,Rawas Ilir,Sedang
D1519,2023-02-28,29.5,84,42,0.34,1868,Rawas Ilir,Sedang
D1520,2023-03-01,29.3,85,12,0.36,1895,Rawas Ilir,Sedang
D1521,2023-03-02,30.8,80,51,0.37,1834,Rawas Ilir,Sedang
D1522,2023-03-03,29.7,86,138,0.32,1859,Rawas Ilir,Sedang
D1523,2023-03-04,29.5,85,48,0.36,1867,Rawas Ilir,Sedang
D1524,2023-03-05,30.4,80,405,0.33,1834,Rawas Ilir,Sedang
D1525,2023-03-06,29.2,88,639,0.3,1893,Rawas Ilir,Sedang
D1526,2023-03-07,31.0,87,537,0.32,1850,Rawas Ilir,Sedang
D1527,2023-03-08,29.9,87,405,0.32,1803,Rawas Ilir,Sedang
D1528,2023-03-09,29.9,88,435,0.37,1899,Rawas Ilir,Sedang
D1529,2023-03-10,30.3,90,729,0.35,1865,Rawas Ilir,Sedang
D1530,2023-03-11,30.5,89,441,0.31,1916,Rawas Ilir,Sedang
D1531,2023-03-12,30.5,90,399,0.33,1799,Rawas Ilir,Sedang
D1532,2023-03-13,29.2,90,279,0.35,1888,Rawas Ilir,Sedang
D1533,2023-03-14,29.1,85,198,0.4,1840,Rawas Ilir,Sedang
D1534,2023-03-15,29.1,86,138,0.38,1882,Rawas Ilir,Sedang
D1535,2023-03-16,30.0,89,444,0.38,1839,Rawas Ilir,Sedang
D1536,2023-03-17,30.8,89,456,0.35,1821,Rawas Ilir,Sedang
D1537,2023-03-18,30.0,86,198,0.3,1886,Rawas Ilir,Sedang
D1538,2023-03-19,30.1,89,465,0.32,1858,Rawas Ilir,Sedang
D1539,2023-03-20,29.7,89,543,0.31,1856,Rawas Ilir,Sedang
D1540,2023-03-21,31.2,87,306,0.39,1834,Rawas Ilir,Sedang
D1541,2023-03-22,31.2,88,273,0.37,1856,Rawas Ilir,Sedang
D1542,2023-03-23,30.3,91,411,0.36,1827,Rawas Ilir,Sedang
D1543,2023-03-24,30.5,90,441,0.39,1823,Rawas Ilir,Sedang
D1544,2023-03-25,29.5,88,531,0.35,1831,Rawas Ilir,Sedang
D1545,2023-03-26,31.6,85,690,0.29,1854,Rawas Ilir,Tinggi
D1546,2023-03-27,31.0,88,138,0.33,1814,Rawas Ilir,Sedang
D1547,2023-03-28,30.8,88,579,0.38,1858,Rawas Ilir,Sedang
D1548,2023-03-29,31.2,88,456,0.28,1907,Rawas Ilir,Sedang
D1549,2023-03-30,30.3,89,159,0.33,1847,Rawas Ilir,Sedang
D1550,2023-03-31,30.9,83,192,0.3,1860,Rawas Ilir,Sedang
D1551,2023-04-01,30.0,89,534,0.31,1911,Rawas Ilir,Sedang
D1552,2023-04-02,30.9,86,54,0.33,1870,Rawas Ilir,Sedang
D1553,2023-04-03,29.4,90,357,0.34,1855,Rawas Ilir,Sedang
D1554,2023-04-04,29.8,87,165,0.3,1882,Rawas Ilir,Sedang
D1555,2023-04-05,29.2,91,243,0.35,1888,Rawas Ilir,Sedang
D1556,2023-04-06,30.6,89,564,0.34,1862,Rawas Ilir,Sedang
D1557,2023-04-07,30.5,90,375,0.3,1883,Rawas Ilir,Sedang
D1558,2023-04-08,29.8,87,186,0.36,1888,Rawas Ilir,Sedang
D1559,2023-04-09,29.3,88,153,0.35,1848,Rawas Ilir,Sedang
D1560,2023-04-10,29.6,88,501,0.37,1821,Rawas Ilir,Sedang
D1561,2023-04-11,31.3,83,48,0.39,1900,Rawas Ilir,Sedang
D1562,2023-04-12,30.6,87,111,0.32,1881,Rawas Ilir,Sedang
D1563,2023-04-13,33.0,83,24,0.35,1883,Rawas Ilir,Tinggi
D1564,2023-04-14,32.7,85,156,0.35,1855,Rawas Ilir,Tinggi
D1565,2023-04-15,31.5,87,198,0.33,1857,Rawas Ilir,Tinggi
D1566,2023-04-16,30.4,92,708,0.3,1859,Rawas Ilir,Sedang
D1567,2023-04-17,31.0,86,39,0.37,1861,Rawas Ilir,Sedang
D1568,2023-04-18,31.6,91,516,0.39,1835,Rawas Ilir,Tinggi
D1569,2023-04-19,31.2,91,453,0.38,1852,Rawas Ilir,Sedang
D1570,2023-04-20,30.2,91,276,0.29,1844,Rawas Ilir,Sedang
D1571,2023-04-21,30.0,90,252,0.28,1862,Rawas Ilir,Sedang
D1572,2023-04-22,30.0,89,198,0.34,1898,Rawas Ilir,Sedang
D1573,2023-04-23,31.0,90,294,0.34,1848,Rawas Ilir,Sedang
D1574,2023-04-24,31.3,89,531,0.28,1829,Rawas Ilir,Sedang
D1575,2023-04-25,30.1,91,234,0.36,1873,Rawas Ilir,Sedang
D1576,2023-04-26,31.1,88,240,0.37,1856,Rawas Ilir,Sedang
D1577,2023-04-27,30.1,91,99,0.29,1848,Rawas Ilir,Sedang
D1578,2023-04-28,31.7,89,60,0.31,1846,Rawas Ilir,Tinggi
D1579,2023-04-29,31.7,87,411,0.36,1855,Rawas Ilir,Tinggi
D1580,2023-04-30,30.4,89,810,0.36,1845,Rawas Ilir,Sedang
D1581,2023-05-01,30.4,86,984,0.33,1868,Rawas Ilir,Sedang
D1582,2023-05-02,31.9,85,315,0.38,1848,Rawas Ilir,Tinggi
D1583,2023-05-03,31.7,91,702,0.3,1806,Rawas Ilir,Tinggi
D1584,2023-05-04,30.4,91,213,0.28,1850,Rawas Ilir,Sedang
D1585,2023-05-05,30.6,90,303,0.34,1830,Rawas Ilir,Sedang
D1586,2023-05-06,31.1,87,519,0.32,1884,Rawas Ilir,Sedang
D1587,2023-05-07,31.4,89,216,0.36,1859,Rawas Ilir,Sedang
D1588,2023-05-08,32.0,89,381,0.38,1960,Rawas Ilir,Tinggi
D1589,2023-05-09,30.6,86,15,0.39,1906,Rawas Ilir,Sedang
D1590,2023-05-10,31.4,86,27,0.35,1804,Rawas Ilir,Sedang
D1591,2023-05-11,30.8,88,801,0.3,1896,Rawas Ilir,Sedang
D1592,2023-05-12,31.5,92,213,0.33,1815,Rawas Ilir,Tinggi
D1593,2023-05-13,31.5,83,0,0.35,1830,Rawas Ilir,Sedang
D1594,2023-05-14,33.3,84,69,0.3,1830,Rawas Ilir,Tinggi
D1595,2023-05-15,31.0,87,78,0.39,1827,Rawas Ilir,Sedang
D1596,2023-05-16,31.6,85,15,0.3,1893,Rawas Ilir,Tinggi
D1597,2023-05-17,31.2,90,612,0.38,1872,Rawas Ilir,Sedang
D1598,2023-05-18,29.8,90,441,0.34,1824,Rawas Ilir,Sedang
D1599,2023-05-19,31.4,88,711,0.4,1872,Rawas Ilir,Sedang
D1600,2023-05-20,30.4,90,141,0.39,1847,Rawas Ilir,Sedang
D1601,2023-05-21,30.0,92,288,0.35,1869,Rawas Ilir,Sedang
D1602,2023-05-22,31.9,90,216,0.39,1844,Rawas Ilir,Tinggi
D1603,2023-05-23,31.0,88,267,0.37,1880,Rawas Ilir,Sedang
D1604,2023-05-24,32.2,86,195,0.33,1822,Rawas Ilir,Tinggi
D1605,2023-05-25,32.8,82,15,0.39,1879,Rawas Ilir,Tinggi
D1606,2023-05-26,30.2,88,870,0.29,1837,Rawas Ilir,Sedang
D1607,2023-05-27,31.2,89,291,0.37,1826,Rawas Ilir,Sedang
D1608,2023-05-28,30.3,90,795,0.31,1830,Rawas Ilir,Sedang
D1609,2023-05-29,31.3,87,249,0.36,1812,Rawas Ilir,Sedang
D1610,2023-05-30,30.4,92,273,0.34,1897,Rawas Ilir,Sedang
D1611,2023-05-31,31.2,90,213,0.37,1796,Rawas Ilir,Sedang
D1612,2023-06-01,30.6,86,183,0.3,1905,Rawas Ilir,Sedang
D1613,2023-06-02,31.1,86,132,0.28,1850,Rawas Ilir,Sedang
D1614,2023-06-03,31.5,89,138,0.33,1844,Rawas Ilir,Sedang
D1615,2023-06-04,31.3,91,405,0.4,1850,Rawas Ilir,Sedang
D1616,2023-06-05,31.9,86,111,0.4,1836,Rawas Ilir,Tinggi
D1617,2023-06-06,29.6,91,387,0.34,1830,Rawas Ilir,Sedang
D1618,2023-06-07,29.4,89,552,0.33,1889,Rawas Ilir,Sedang
D1619,2023-06-08,29.8,92,432,0.37,1825,Rawas Ilir,Sedang
D1620,2023-06-09,30.4,92,84,0.37,1873,Rawas Ilir,Sedang
D1621,2023-06-10,31.2,83,24,0.34,1899,Rawas Ilir,Sedang
D1622,2023-06-11,31.9,85,480,0.33,1801,Rawas Ilir,Tinggi
D1623,2023-06-12,30.5,87,243,0.29,1898,Rawas Ilir,Sedang
D1624,2023-06-13,30.5,90,294,0.37,1849,Rawas Ilir,Sedang
D1625,2023-06-14,30.2,89,186,0.34,1842,Rawas Ilir,Sedang
D1626,2023-06-15,29.8,91,489,0.33,1841,Rawas Ilir,Sedang
D1627,2023-06-16,30.8,87,261,0.38,1810,Rawas Ilir,Sedang
D1628,2023-06-17,30.9,85,165,0.29,1860,Rawas Ilir,Sedang
D1629,2023-06-18,31.4,86,303,0.3,1871,Rawas Ilir,Sedang
D1630,2023-06-19,30.6,89,204,0.29,1812,Rawas Ilir,Sedang
D1631,2023-06-20,30.7,87,45,0.39,1843,Rawas Ilir,Sedang
D1632,2023-06-21,30.5,87,315,0.33,1830,Rawas Ilir,Sedang
D1633,2023-06-22,30.4,90,201,0.35,1844,Rawas Ilir,Sedang
D1634,2023-06-23,31.3,85,168,0.31,1824,Rawas Ilir,Sedang
D1635,2023-06-24,29.9,88,282,0.39,1868,Rawas Ilir,Sedang
D1636,2023-06-25,31.0,86,201,0.29,1790,Rawas Ilir,Sedang
D1637,2023-06-26,30.4,91,498,0.32,1812,Rawas Ilir,Sedang
D1638,2023-06-27,31.1,92,615,0.34,1845,Rawas Ilir,Sedang
D1639,2023-06-28,31.2,89,975,0.33,1800,Rawas Ilir,Sedang
D1640,2023-06-29,31.2,90,66,0.35,1896,Rawas Ilir,Sedang
D1641,2023-06-30,31.2,88,615,0.3,1867,Rawas Ilir,Sedang
D1642,2023-07-01,30.0,90,960,0.33,1832,Rawas Ilir,Sedang
D1643,2023-07-02,29.9,88,60,0.37,1798,Rawas Ilir,Sedang
D1644,2023-07-03,30.6,85,72,0.3,1868,Rawas Ilir,Sedang
D1645,2023-07-04,31.7,88,249,0.35,1850,Rawas Ilir,Tinggi
D1646,2023-07-05,28.9,91,975,0.35,1894,Rawas Ilir,Sedang
D1647,2023-07-06,30.1,91,1080,0.39,1854,Rawas Ilir,Sedang
D1648,2023-07-07,29.3,89,18,0.33,1903,Rawas Ilir,Sedang
D1649,2023-07-08,30.8,87,108,0.35,1851,Rawas Ilir,Sedang
D1650,2023-07-09,30.9,89,294,0.35,1900,Rawas Ilir,Sedang
D1651,2023-07-10,28.8,91,603,0.29,1884,Rawas Ilir,Sedang
D1652,2023-07-11,29.8,93,336,0.38,1896,Rawas Ilir,Sedang
D1653,2023-07-12,29.8,87,15,0.38,1824,Rawas Ilir,Sedang
D1654,2023-07-13,30.2,88,84,0.33,1935,Rawas Ilir,Sedang
D1655,2023-07-14,30.7,89,141,0.36,1804,Rawas Ilir,Sedang
D1656,2023-07-15,29.7,87,60,0.37,1811,Rawas Ilir,Sedang
D1657,2023-07-16,30.0,86,87,0.33,1769,Rawas Ilir,Sedang
D1658,2023-07-17,29.8,89,705,0.32,1806,Rawas Ilir,Sedang
D1659,2023-07-18,30.9,84,216,0.33,1888,Rawas Ilir,Sedang
D1660,2023-07-19,30.4,81,12,0.32,1867,Rawas Ilir,Sedang
D1661,2023-07-20,29.7,91,102,0.36,1843,Rawas Ilir,Sedang
D1662,2023-07-21,30.4,86,0,0.36,1898,Rawas Ilir,Sedang
D1663,2023-07-22,32.3,84,12,0.29,1843,Rawas Ilir,Tinggi
D1664,2023-07-23,31.5,87,348,0.34,1795,Rawas Ilir,Sedang
D1665,2023-07-24,29.6,90,768,0.39,1882,Rawas Ilir,Sedang
D1666,2023-07-25,31.3,84,6,0.32,1848,Rawas Ilir,Sedang
D1667,2023-07-26,31.6,85,24,0.4,1838,Rawas Ilir,Tinggi
D1668,2023-07-27,32.3,83,6,0.34,1866,Rawas Ilir,Tinggi
D1669,2023-07-28,31.7,86,168,0.34,1873,Rawas Ilir,Tinggi
D1670,2023-07-29,29.8,88,36,0.4,1899,Rawas Ilir,Sedang
D1671,2023-07-30,30.9,89,147,0.28,1836,Rawas Ilir,Sedang
D1672,2023-07-31,31.9,79,15,0.38,1836,Rawas Ilir,Tinggi
D1673,2023-08-01,31.6,80,6,0.33,1825,Rawas Ilir,Tinggi
D1674,2023-08-02,31.2,80,168,0.28,1894,Rawas Ilir,Sedang
D1675,2023-08-03,30.3,89,288,0.31,1858,Rawas Ilir,Sedang
D1676,2023-08-04,30.0,86,18,0.32,1817,Rawas Ilir,Sedang
D1677,2023-08-05,31.0,84,171,0.36,1816,Rawas Ilir,Sedang
D1678,2023-08-06,30.9,78,9,0.28,1903,Rawas Ilir,Sedang
D1679,2023-08-07,31.6,85,213,0.32,1819,Rawas Ilir,Tinggi
D1680,2023-08-08,30.7,86,117,0.38,1900,Rawas Ilir,Sedang
D1681,2023-08-09,30.3,88,69,0.34,1792,Rawas Ilir,Sedang
D1682,2023-08-10,31.7,81,6,0.32,1790,Rawas Ilir,Tinggi
D1683,2023-08-11,30.9,77,15,0.33,1847,Rawas Ilir,Sedang
D1684,2023-08-12,31.2,80,21,0.37,1775,Rawas Ilir,Sedang
D1685,2023-08-13,32.1,81,9,0.34,1865,Rawas Ilir,Tinggi
D1686,2023-08-14,31.4,77,9,0.39,1908,Rawas Ilir,Sedang
D1687,2023-08-15,31.7,85,267,0.4,1849,Rawas Ilir,Tinggi
D1688,2023-08-16,30.6,89,363,0.36,1859,Rawas Ilir,Sedang
D1689,2023-08-17,31.2,87,222,0.35,1809,Rawas Ilir,Sedang
D1690,2023-08-18,31.0,86,123,0.37,1884,Rawas Ilir,Sedang
D1691,2023-08-19,30.3,89,306,0.32,1890,Rawas Ilir,Sedang
D1692,2023-08-20,30.2,88,330,0.31,1858,Rawas Ilir,Sedang
D1693,2023-08-21,29.5,88,342,0.39,1857,Rawas Ilir,Sedang
D1694,2023-08-22,31.5,80,18,0.37,1883,Rawas Ilir,Sedang
D1695,2023-08-23,31.4,77,3,0.39,1842,Rawas Ilir,Sedang
D1696,2023-08-24,30.7,82,12,0.34,1853,Rawas Ilir,Sedang
D1697,2023-08-25,30.8,88,699,0.39,1845,Rawas Ilir,Sedang
D1698,2023-08-26,31.1,85,60,0.3,1802,Rawas Ilir,Sedang
D1699,2023-08-27,30.1,86,159,0.38,1905,Rawas Ilir,Sedang
D1700,2023-08-28,30.8,87,165,0.37,1828,Rawas Ilir,Sedang
D1701,2023-08-29,31.8,84,90,0.37,1847,Rawas Ilir,Tinggi
D1702,2023-08-30,31.7,80,12,0.36,1850,Rawas Ilir,Tinggi
D1703,2023-08-31,31.6,73,0,0.29,1838,Rawas Ilir,Tinggi
D1704,2023-09-01,30.5,72,0,0.36,1852,Rawas Ilir,Sedang
D1705,2023-09-02,30.7,74,0,0.35,1818,Rawas Ilir,Sedang
D1706,2023-09-03,31.3,72,0,0.3,1928,Rawas Ilir,Sedang
D1707,2023-09-04,31.0,71,0,0.32,1832,Rawas Ilir,Sedang
D1708,2023-09-05,30.3,71,0,0.31,1857,Rawas Ilir,Sedang
D1709,2023-09-06,31.6,70,423,0.35,1823,Rawas Ilir,Tinggi
D1710,2023-09-07,30.2,83,42,0.32,1848,Rawas Ilir,Sedang
D1711,2023-09-08,31.0,82,120,0.36,1844,Rawas Ilir,Sedang
D1712,2023-09-09,30.3,86,168,0.35,1879,Rawas Ilir,Sedang
D1713,2023-09-10,31.0,85,153,0.33,1880,Rawas Ilir,Sedang
D1714,2023-09-11,30.4,74,42,0.29,1882,Rawas Ilir,Sedang
D1715,2023-09-12,31.5,72,0,0.33,1873,Rawas Ilir,Sedang
D1716,2023-09-13,32.0,76,0,0.38,1898,Rawas Ilir,Tinggi
D1717,2023-09-14,32.7,72,0,0.35,1822,Rawas Ilir,Tinggi
D1718,2023-09-15,32.5,69,3,0.36,1918,Rawas Ilir,Tinggi
D1719,2023-09-16,31.6,71,0,0.4,1851,Rawas Ilir,Tinggi
D1720,2023-09-17,33.1,70,6,0.38,1806,Rawas Ilir,Tinggi
D1721,2023-09-18,32.9,73,9,0.34,1792,Rawas Ilir,Tinggi
D1722,2023-09-19,31.5,78,189,0.34,1866,Rawas Ilir,Sedang
D1723,2023-09-20,31.2,87,933,0.31,1885,Rawas Ilir,Sedang
D1724,2023-09-21,30.6,89,126,0.33,1808,Rawas Ilir,Sedang
D1725,2023-09-22,31.0,83,21,0.36,1869,Rawas Ilir,Sedang
D1726,2023-09-23,31.2,79,21,0.28,1770,Rawas Ilir,Sedang
D1727,2023-09-24,31.9,74,9,0.32,1827,Rawas Ilir,Tinggi
D1728,2023-09-25,31.5,72,3,0.35,1855,Rawas Ilir,Sedang
D1729,2023-09-26,32.2,67,9,0.29,1879,Rawas Ilir,Tinggi
D1730,2023-09-27,33.4,64,0,0.36,1785,Rawas Ilir,Tinggi
D1731,2023-09-28,32.8,65,0,0.34,1817,Rawas Ilir,Tinggi
D1732,2023-09-29,33.6,65,0,0.35,1874,Rawas Ilir,Tinggi
D1733,2023-09-30,33.0,61,0,0.33,1811,Rawas Ilir,Tinggi
D1734,2023-10-01,32.8,69,0,0.37,1911,Rawas Ilir,Tinggi
D1735,2023-10-02,33.3,67,15,0.37,1822,Rawas Ilir,Tinggi
D1736,2023-10-03,34.2,60,0,0.29,1842,Rawas Ilir,Tinggi
D1737,2023-10-04,32.9,64,0,0.35,1797,Rawas Ilir,Tinggi
D1738,2023-10-05,34.2,67,12,0.35,1854,Rawas Ilir,Tinggi
D1739,2023-10-06,33.7,62,3,0.3,1864,Rawas Ilir,Tinggi
D1740,2023-10-07,34.1,62,0,0.38,1846,Rawas Ilir,Tinggi
D1741,2023-10-08,32.5,64,6,0.33,1792,Rawas Ilir,Tinggi
D1742,2023-10-09,34.5,64,9,0.38,1852,Rawas Ilir,Tinggi
D1743,2023-10-10,31.5,79,453,0.39,1850,Rawas Ilir,Sedang
D1744,2023-10-11,32.2,79,195,0.3,1850,Rawas Ilir,Tinggi
D1745,2023-10-12,33.7,68,0,0.33,1827,Rawas Ilir,Tinggi
D1746,2023-10-13,33.6,64,0,0.32,1838,Rawas Ilir,Tinggi
D1747,2023-10-14,33.3,66,0,0.39,1818,Rawas Ilir,Tinggi
D1748,2023-10-15,32.9,69,36,0.4,1940,Rawas Ilir,Tinggi
D1749,2023-10-16,33.6,63,0,0.29,1967,Rawas Ilir,Tinggi
D1750,2023-10-17,33.1,60,3,0.3,1855,Rawas Ilir,Tinggi
D1751,2023-10-18,33.9,64,27,0.32,1838,Rawas Ilir,Tinggi
D1752,2023-10-19,30.3,86,423,0.38,1847,Rawas Ilir,Sedang
D1753,2023-10-20,31.3,85,603,0.38,1869,Rawas Ilir,Sedang
D1754,2023-10-21,31.4,82,276,0.33,1829,Rawas Ilir,Sedang
D1755,2023-10-22,31.5,86,414,0.33,1814,Rawas Ilir,Tinggi
D1756,2023-10-23,31.7,82,15,0.34,1884,Rawas Ilir,Tinggi
D1757,2023-10-24,30.1,86,831,0.33,1918,Rawas Ilir,Sedang
D1758,2023-10-25,30.7,86,726,0.4,1816,Rawas Ilir,Sedang
D1759,2023-10-26,31.4,84,357,0.3,1856,Rawas Ilir,Sedang
D1760,2023-10-27,32.0,78,12,0.34,1853,Rawas Ilir,Tinggi
D1761,2023-10-28,31.3,78,429,0.4,1899,Rawas Ilir,Sedang
D1762,2023-10-29,31.5,84,168,0.33,1879,Rawas Ilir,Sedang
D1763,2023-10-30,32.0,78,9,0.35,1828,Rawas Ilir,Tinggi
D1764,2023-10-31,31.6,81,519,0.35,1861,Rawas Ilir,Tinggi
D1765,2023-11-01,31.5,85,120,0.32,1871,Rawas Ilir,Sedang
D1766,2023-11-02,31.3,82,84,0.38,1900,Rawas Ilir,Sedang
D1767,2023-11-03,31.6,80,54,0.34,1808,Rawas Ilir,Tinggi
D1768,2023-11-04,31.8,82,261,0.4,1876,Rawas Ilir,Tinggi
D1769,2023-11-05,31.7,86,129,0.36,1884,Rawas Ilir,Tinggi
D1770,2023-11-06,31.3,88,234,0.3,1879,Rawas Ilir,Sedang
D1771,2023-11-07,30.8,88,150,0.4,1919,Rawas Ilir,Sedang
D1772,2023-11-08,32.4,85,192,0.29,1843,Rawas Ilir,Tinggi
D1773,2023-11-09,32.4,83,123,0.29,1786,Rawas Ilir,Tinggi
D1774,2023-11-10,32.4,80,87,0.29,1861,Rawas Ilir,Tinggi
D1775,2023-11-11,31.6,82,21,0.38,1845,Rawas Ilir,Tinggi
D1776,2023-11-12,30.9,88,570,0.37,1862,Rawas Ilir,Sedang
D1777,2023-11-13,31.3,85,327,0.34,1787,Rawas Ilir,Sedang
D1778,2023-11-14,30.4,91,1287,0.4,1862,Rawas Ilir,Sedang
D1779,2023-11-15,31.9,86,462,0.31,1938,Rawas Ilir,Tinggi
D1780,2023-11-16,30.8,90,198,0.37,1869,Rawas Ilir,Sedang
D1781,2023-11-17,30.0,90,282,0.29,1826,Rawas Ilir,Sedang
D1782,2023-11-18,32.0,86,195,0.4,1854,Rawas Ilir,Tinggi
D1783,2023-11-19,30.7,88,456,0.35,1847,Rawas Ilir,Sedang
D1784,2023-11-20,31.0,87,9,0.38,1866,Rawas Ilir,Sedang
D1785,2023-11-21,30.5,87,282,0.3,1835,Rawas Ilir,Sedang
D1786,2023-11-22,29.5,93,981,0.29,1927,Rawas Ilir,Sedang
D1787,2023-11-23,31.6,89,54,0.35,1875,Rawas Ilir,Tinggi
D1788,2023-11-24,31.1,89,1047,0.31,1885,Rawas Ilir,Sedang
D1789,2023-11-25,28.7,93,756,0.34,1874,Rawas Ilir,Sedang
D1790,2023-11-26,29.2,88,600,0.29,1775,Rawas Ilir,Sedang
D1791,2023-11-27,30.7,92,996,0.39,1876,Rawas Ilir,Sedang
D1792,2023-11-28,29.9,89,261,0.37,1888,Rawas Ilir,Sedang
D1793,2023-11-29,31.5,88,657,0.33,1833,Rawas Ilir,Sedang
D1794,2023-11-30,30.6,91,738,0.32,1830,Rawas Ilir,Sedang
D1795,2023-12-01,29.7,92,828,0.37,1868,Rawas Ilir,Sedang
D1796,2023-12-02,31.7,86,441,0.32,1866,Rawas Ilir,Tinggi
D1797,2023-12-03,30.8,88,672,0.37,1812,Rawas Ilir,Sedang
D1798,2023-12-04,29.6,89,303,0.34,1843,Rawas Ilir,Sedang
D1799,2023-12-05,31.2,84,255,0.38,1941,Rawas Ilir,Sedang
D1800,2023-12-06,31.2,89,666,0.36,1856,Rawas Ilir,Sedang
D1801,2023-12-07,30.9,90,837,0.36,1936,Rawas Ilir,Sedang
D1802,2023-12-08,31.7,83,432,0.39,1872,Rawas Ilir,Tinggi
D1803,2023-12-09,29.9,90,741,0.39,1872,Rawas Ilir,Sedang
D1804,2023-12-10,30.7,89,219,0.29,1822,Rawas Ilir,Sedang
D1805,2023-12-11,30.8,90,258,0.33,1859,Rawas Ilir,Sedang
D1806,2023-12-12,30.0,87,765,0.35,1785,Rawas Ilir,Sedang
D1807,2023-12-13,31.6,83,219,0.32,1841,Rawas Ilir,Tinggi
D1808,2023-12-14,31.6,88,390,0.36,1827,Rawas Ilir,Tinggi
D1809,2023-12-15,31.5,88,21,0.28,1865,Rawas Ilir,Sedang
D1810,2023-12-16,29.8,90,624,0.31,1860,Rawas Ilir,Sedang
D1811,2023-12-17,31.0,92,447,0.3,1867,Rawas Ilir,Sedang
D1812,2023-12-18,30.8,91,345,0.36,1852,Rawas Ilir,Sedang
D1813,2023-12-19,29.5,90,525,0.39,1810,Rawas Ilir,Sedang
D1814,2023-12-20,29.9,89,456,0.38,1803,Rawas Ilir,Sedang
D1815,2023-12-21,30.7,92,543,0.36,1891,Rawas Ilir,Sedang
D1816,2023-12-22,31.0,89,141,0.39,1820,Rawas Ilir,Sedang
D1817,2023-12-23,31.4,86,33,0.31,1759,Rawas Ilir,Sedang
D1818,2023-12-24,30.9,87,126,0.39,1869,Rawas Ilir,Sedang
D1819,2023-12-25,30.0,88,741,0.33,1906,Rawas Ilir,Sedang
D1820,2023-12-26,29.6,88,177,0.3,1811,Rawas Ilir,Sedang
D1821,2023-12-27,29.6,89,267,0.37,1824,Rawas Ilir,Sedang
D1822,2023-12-28,30.2,89,66,0.39,1874,Rawas Ilir,Sedang
D1823,2023-12-29,31.3,87,708,0.33,1759,Rawas Ilir,Sedang
D1824,2023-12-30,29.8,93,1437,0.3,1854,Rawas Ilir,Sedang
D1825,2023-12-31,31.0,88,564,0.3,1853,Rawas Ilir,Sedang
D1826,2023-01-01,28.3,87,315,0.57,453,Karang Dapo,Sedang
D1827,2023-01-02,27.3,88,99,0.47,526,Karang Dapo,Rendah
D1828,2023-01-03,28.5,90,291,0.51,503,Karang Dapo,Sedang
D1829,2023-01-04,27.8,89,207,0.48,421,Karang Dapo,Rendah
D1830,2023-01-05,28.6,86,273,0.49,409,Karang Dapo,Sedang
D1831,2023-01-06,29.5,89,459,0.57,438,Karang Dapo,Sedang
D1832,2023-01-07,28.1,90,411,0.52,459,Karang Dapo,Sedang
D1833,2023-01-08,29.0,86,399,0.56,493,Karang Dapo,Sedang
D1834,2023-01-09,29.8,84,12,0.46,412,Karang Dapo,Sedang
D1835,2023-01-10,30.2,86,90,0.56,429,Karang Dapo,Sedang
D1836,2023-01-11,28.8,87,198,0.5,485,Karang Dapo,Sedang
D1837,2023-01-12,27.8,88,438,0.51,412,Karang Dapo,Rendah
D1838,2023-01-13,28.9,90,267,0.52,406,Karang Dapo,Sedang
D1839,2023-01-14,29.2,87,204,0.47,414,Karang Dapo,Sedang
D1840,2023-01-15,27.3,90,249,0.48,497,Karang Dapo,Rendah
D1841,2023-01-16,28.9,88,351,0.51,502,Karang Dapo,Sedang
D1842,2023-01-17,26.7,91,816,0.54,537,Karang Dapo,Rendah
D1843,2023-01-18,26.8,88,750,0.47,437,Karang Dapo,Rendah
D1844,2023-01-19,27.1,92,867,0.48,432,Karang Dapo,Rendah
D1845,2023-01-20,28.0,89,336,0.53,466,Karang Dapo,Rendah
D1846,2023-01-21,28.4,86,243,0.5,480,Karang Dapo,Sedang
D1847,2023-01-22,27.1,87,387,0.56,355,Karang Dapo,Rendah
D1848,2023-01-23,28.1,89,771,0.47,521,Karang Dapo,Sedang
D1849,2023-01-24,27.8,86,135,0.47,533,Karang Dapo,Rendah
D1850,2023-01-25,28.0,84,57,0.52,529,Karang Dapo,Rendah
D1851,2023-01-26,29.0,82,9,0.56,511,Karang Dapo,Sedang
D1852,2023-01-27,27.5,86,225,0.46,522,Karang Dapo,Rendah
D1853,2023-01-28,27.0,87,642,0.54,392,Karang Dapo,Rendah
D1854,2023-01-29,26.6,88,84,0.54,496,Karang Dapo,Rendah
D1855,2023-01-30,28.6,85,135,0.48,512,Karang Dapo,Sedang
D1856,2023-01-31,26.7,88,192,0.51,490,Karang Dapo,Rendah
D1857,2023-02-01,28.1,86,0,0.53,487,Karang Dapo,Sedang
D1858,2023-02-02,27.7,87,162,0.56,463,Karang Dapo,Rendah
D1859,2023-02-03,29.7,86,66,0.56,415,Karang Dapo,Sedang
D1860,2023-02-04,28.4,85,228,0.54,512,Karang Dapo,Sedang
D1861,2023-02-05,29.5,85,72,0.58,461,Karang Dapo,Sedang
D1862,2023-02-06,29.3,84,0,0.56,471,Karang Dapo,Sedang
D1863,2023-02-07,27.8,85,129,0.53,470,Karang Dapo,Rendah
D1864,2023-02-08,29.9,82,3,0.51,497,Karang Dapo,Sedang
D1865,2023-02-09,28.6,82,45,0.53,396,Karang Dapo,Sedang
D1866,2023-02-10,30.3,84,300,0.47,514,Karang Dapo,Sedang
D1867,2023-02-11,28.7,84,114,0.53,481,Karang Dapo,Sedang
D1868,2023-02-12,28.5,81,0,0.46,474,Karang Dapo,Sedang
D1869,2023-02-13,29.3,79,9,0.47,432,Karang Dapo,Sedang
D1870,2023-02-14,29.3,83,231,0.56,412,Karang Dapo,Sedang
D1871,2023-02-15,28.0,89,288,0.54,495,Karang Dapo,Sedang
D1872,2023-02-16,29.0,87,108,0.51,535,Karang Dapo,Sedang
D1873,2023-02-17,29.2,80,204,0.53,504,Karang Dapo,Sedang
D1874,2023-02-18,29.3,84,540,0.57,485,Karang Dapo,Sedang
D1875,2023-02-19,27.6,87,369,0.55,478,Karang Dapo,Rendah
D1876,2023-02-20,27.8,88,318,0.47,483,Karang Dapo,Rendah
D1877,2023-02-21,28.0,89,315,0.47,437,Karang Dapo,Rendah
D1878,2023-02-22,28.1,90,906,0.49,531,Karang Dapo,Sedang
D1879,2023-02-23,28.5,87,228,0.54,476,Karang Dapo,Sedang
D1880,2023-02-24,28.6,87,936,0.54,505,Karang Dapo,Sedang
D1881,2023-02-25,27.6,84,519,0.52,506,Karang Dapo,Rendah
D1882,2023-02-26,28.0,84,168,0.54,533,Karang Dapo,Rendah
D1883,2023-02-27,28.5,84,411,0.51,444,Karang Dapo,Sedang
D1884,2023-02-28,28.7,85,66,0.47,542,Karang Dapo,Sedang
D1885,2023-03-01,27.9,87,123,0.57,511,Karang Dapo,Rendah
D1886,2023-03-02,29.1,82,12,0.47,542,Karang Dapo,Sedang
D1887,2023-03-03,27.1,86,549,0.55,451,Karang Dapo,Rendah
D1888,2023-03-04,27.5,86,276,0.54,461,Karang Dapo,Rendah
D1889,2023-03-05,29.1,82,294,0.55,472,Karang Dapo,Sedang
D1890,2023-03-06,27.4,87,681,0.56,496,Karang Dapo,Rendah
D1891,2023-03-07,28.9,87,351,0.49,435,Karang Dapo,Sedang
D1892,2023-03-08,29.0,86,138,0.48,488,Karang Dapo,Sedang
D1893,2023-03-09,28.0,89,834,0.51,464,Karang Dapo,Sedang
D1894,2023-03-10,28.5,89,567,0.54,494,Karang Dapo,Sedang
D1895,2023-03-11,26.7,90,723,0.48,522,Karang Dapo,Rendah
D1896,2023-03-12,28.2,91,279,0.48,524,Karang Dapo,Sedang
D1897,2023-03-13,28.2,89,789,0.52,497,Karang Dapo,Sedang
D1898,2023-03-14,28.5,85,150,0.53,512,Karang Dapo,Sedang
D1899,2023-03-15,29.3,86,231,0.54,462,Karang Dapo,Sedang
D1900,2023-03-16,27.5,88,198,0.56,465,Karang Dapo,Rendah
D1901,2023-03-17,28.4,89,99,0.56,349,Karang Dapo,Sedang
D1902,2023-03-18,28.4,87,669,0.56,488,Karang Dapo,Sedang
D1903,2023-03-19,28.0,88,462,0.55,478,Karang Dapo,Rendah
D1904,2023-03-20,29.0,88,372,0.53,451,Karang Dapo,Sedang
D1905,2023-03-21,28.1,85,324,0.53,510,Karang Dapo,Sedang
D1906,2023-03-22,27.9,86,474,0.58,522,Karang Dapo,Rendah
D1907,2023-03-23,28.5,91,210,0.52,481,Karang Dapo,Sedang
D1908,2023-03-24,28.9,89,888,0.52,470,Karang Dapo,Sedang
D1909,2023-03-25,28.7,87,549,0.56,452,Karang Dapo,Sedang
D1910,2023-03-26,29.6,86,447,0.46,488,Karang Dapo,Sedang
D1911,2023-03-27,28.9,87,276,0.57,502,Karang Dapo,Sedang
D1912,2023-03-28,28.6,89,585,0.47,504,Karang Dapo,Sedang
D1913,2023-03-29,29.3,88,504,0.5,458,Karang Dapo,Sedang
D1914,2023-03-30,28.2,89,330,0.46,405,Karang Dapo,Sedang
D1915,2023-03-31,29.7,84,120,0.55,508,Karang Dapo,Sedang
D1916,2023-04-01,28.4,88,186,0.5,452,Karang Dapo,Sedang
D1917,2023-04-02,29.7,87,33,0.54,489,Karang Dapo,Sedang
D1918,2023-04-03,27.1,89,270,0.5,469,Karang Dapo,Rendah
D1919,2023-04-04,28.7,88,162,0.51,469,Karang Dapo,Sedang
D1920,2023-04-05,28.8,90,153,0.56,575,Karang Dapo,Sedang
D1921,2023-04-06,27.1,88,150,0.47,527,Karang Dapo,Rendah
D1922,2023-04-07,28.8,90,174,0.57,436,Karang Dapo,Sedang
D1923,2023-04-08,28.4,89,243,0.57,509,Karang Dapo,Sedang
D1924,2023-04-09,27.5,88,657,0.5,504,Karang Dapo,Rendah
D1925,2023-04-10,27.5,89,486,0.53,537,Karang Dapo,Rendah
D1926,2023-04-11,28.8,87,12,0.58,505,Karang Dapo,Sedang
D1927,2023-04-12,29.3,88,288,0.47,387,Karang Dapo,Sedang
D1928,2023-04-13,29.1,85,267,0.58,492,Karang Dapo,Sedang
D1929,2023-04-14,29.1,87,120,0.55,485,Karang Dapo,Sedang
D1930,2023-04-15,28.8,87,381,0.54,516,Karang Dapo,Sedang
D1931,2023-04-16,28.8,92,609,0.47,454,Karang Dapo,Sedang
D1932,2023-04-17,30.2,85,345,0.47,518,Karang Dapo,Sedang
D1933,2023-04-18,29.0,91,714,0.54,448,Karang Dapo,Sedang
D1934,2023-04-19,29.7,90,741,0.56,474,Karang Dapo,Sedang
D1935,2023-04-20,29.1,91,837,0.56,493,Karang Dapo,Sedang
D1936,2023-04-21,28.0,90,219,0.51,475,Karang Dapo,Rendah
D1937,2023-04-22,27.8,90,648,0.57,457,Karang Dapo,Rendah
D1938,2023-04-23,29.0,91,324,0.49,577,Karang Dapo,Sedang
D1939,2023-04-24,29.6,87,219,0.52,514,Karang Dapo,Sedang
D1940,2023-04-25,29.5,90,78,0.5,446,Karang Dapo,Sedang
D1941,2023-04-26,28.6,90,288,0.52,504,Karang Dapo,Sedang
D1942,2023-04-27,28.0,91,174,0.54,507,Karang Dapo,Rendah
D1943,2023-04-28,30.1,88,30,0.47,500,Karang Dapo,Sedang
D1944,2023-04-29,28.7,88,411,0.54,460,Karang Dapo,Sedang
D1945,2023-04-30,29.3,88,600,0.5,459,Karang Dapo,Sedang
D1946,2023-05-01,30.0,85,867,0.54,452,Karang Dapo,Sedang
D1947,2023-05-02,30.4,86,351,0.51,473,Karang Dapo,Sedang
D1948,2023-05-03,28.5,89,522,0.48,500,Karang Dapo,Sedang
D1949,2023-05-04,28.3,90,432,0.52,547,Karang Dapo,Sedang
D1950,2023-05-05,29.1,91,414,0.5,468,Karang Dapo,Sedang
D1951,2023-05-06,28.8,88,654,0.48,536,Karang Dapo,Sedang
D1952,2023-05-07,30.3,88,210,0.58,452,Karang Dapo,Sedang
D1953,2023-05-08,29.1,89,411,0.54,469,Karang Dapo,Sedang
D1954,2023-05-09,29.2,86,3,0.46,461,Karang Dapo,Sedang
D1955,2023-05-10,29.9,87,132,0.48,479,Karang Dapo,Sedang
D1956,2023-05-11,29.3,88,720,0.46,505,Karang Dapo,Sedang
D1957,2023-05-12,27.8,92,225,0.5,446,Karang Dapo,Rendah
D1958,2023-05-13,31.1,83,3,0.5,515,Karang Dapo,Sedang
D1959,2023-05-14,30.3,85,21,0.51,458,Karang Dapo,Sedang
D1960,2023-05-15,28.8,88,93,0.5,480,Karang Dapo,Sedang
D1961,2023-05-16,29.8,85,9,0.55,515,Karang Dapo,Sedang
D1962,2023-05-17,28.4,90,204,0.52,475,Karang Dapo,Sedang
D1963,2023-05-18,27.7,90,171,0.57,531,Karang Dapo,Rendah
D1964,2023-05-19,29.5,87,546,0.53,474,Karang Dapo,Sedang
D1965,2023-05-20,29.7,90,186,0.51,456,Karang Dapo,Sedang
D1966,2023-05-21,28.6,92,165,0.48,420,Karang Dapo,Sedang
D1967,2023-05-22,29.2,90,363,0.5,418,Karang Dapo,Sedang
D1968,2023-05-23,28.2,89,279,0.47,524,Karang Dapo,Sedang
D1969,2023-05-24,30.2,87,51,0.54,456,Karang Dapo,Sedang
D1970,2023-05-25,29.2,83,12,0.49,466,Karang Dapo,Sedang
D1971,2023-05-26,27.9,89,1167,0.52,424,Karang Dapo,Rendah
D1972,2023-05-27,28.7,88,144,0.52,500,Karang Dapo,Sedang
D1973,2023-05-28,29.5,90,399,0.5,405,Karang Dapo,Sedang
D1974,2023-05-29,28.4,88,432,0.5,422,Karang Dapo,Sedang
D1975,2023-05-30,28.0,91,372,0.56,454,Karang Dapo,Rendah
D1976,2023-05-31,30.5,89,66,0.5,508,Karang Dapo,Sedang
D1977,2023-06-01,29.3,89,636,0.56,535,Karang Dapo,Sedang
D1978,2023-06-02,30.4,86,138,0.58,513,Karang Dapo,Sedang
D1979,2023-06-03,28.9,90,60,0.49,516,Karang Dapo,Sedang
D1980,2023-06-04,27.8,91,291,0.57,381,Karang Dapo,Rendah
D1981,2023-06-05,29.1,87,171,0.53,503,Karang Dapo,Sedang
D1982,2023-06-06,29.3,91,630,0.56,494,Karang Dapo,Sedang
D1983,2023-06-07,27.4,90,414,0.47,545,Karang Dapo,Rendah
D1984,2023-06-08,28.5,92,501,0.51,464,Karang Dapo,Sedang
D1985,2023-06-09,28.9,90,21,0.51,421,Karang Dapo,Sedang
D1986,2023-06-10,28.7,84,165,0.48,459,Karang Dapo,Sedang
D1987,2023-06-11,30.1,85,564,0.51,469,Karang Dapo,Sedang
D1988,2023-06-12,28.1,88,744,0.56,477,Karang Dapo,Sedang
D1989,2023-06-13,27.7,89,183,0.53,471,Karang Dapo,Rendah
D1990,2023-06-14,29.6,91,345,0.49,482,Karang Dapo,Sedang
D1991,2023-06-15,29.0,91,369,0.56,423,Karang Dapo,Sedang
D1992,2023-06-16,28.6,87,216,0.51,490,Karang Dapo,Sedang
D1993,2023-06-17,28.6,85,9,0.54,480,Karang Dapo,Sedang
D1994,2023-06-18,28.3,87,99,0.58,500,Karang Dapo,Sedang
D1995,2023-06-19,29.0,89,369,0.55,435,Karang Dapo,Sedang
D1996,2023-06-20,29.0,86,42,0.54,455,Karang Dapo,Sedang
D1997,2023-06-21,29.3,88,813,0.54,515,Karang Dapo,Sedang
D1998,2023-06-22,27.8,91,192,0.56,512,Karang Dapo,Rendah
D1999,2023-06-23,28.4,84,387,0.47,446,Karang Dapo,Sedang
D2000,2023-06-24,28.7,87,84,0.48,554,Karang Dapo,Sedang
D2001,2023-06-25,28.9,88,285,0.51,511,Karang Dapo,Sedang
D2002,2023-06-26,28.9,90,768,0.52,461,Karang Dapo,Sedang
D2003,2023-06-27,27.7,90,243,0.52,482,Karang Dapo,Rendah
D2004,2023-06-28,28.6,90,810,0.55,455,Karang Dapo,Sedang
D2005,2023-06-29,28.3,90,345,0.56,508,Karang Dapo,Sedang
D2006,2023-06-30,29.2,89,873,0.54,427,Karang Dapo,Sedang
D2007,2023-07-01,27.4,89,891,0.47,415,Karang Dapo,Rendah
D2008,2023-07-02,28.5,88,279,0.52,445,Karang Dapo,Sedang
D2009,2023-07-03,28.3,87,405,0.52,433,Karang Dapo,Sedang
D2010,2023-07-04,28.5,89,279,0.48,554,Karang Dapo,Sedang
D2011,2023-07-05,29.0,90,675,0.48,524,Karang Dapo,Sedang
D2012,2023-07-06,28.3,91,258,0.52,447,Karang Dapo,Sedang
D2013,2023-07-07,28.3,88,111,0.53,480,Karang Dapo,Sedang
D2014,2023-07-08,29.4,87,12,0.47,461,Karang Dapo,Sedang
D2015,2023-07-09,28.0,90,1047,0.57,446,Karang Dapo,Sedang
D2016,2023-07-10,28.6,91,1062,0.56,484,Karang Dapo,Sedang
D2017,2023-07-11,28.0,92,450,0.53,483,Karang Dapo,Sedang
D2018,2023-07-12,29.4,87,3,0.46,444,Karang Dapo,Sedang
D2019,2023-07-13,28.5,87,147,0.49,493,Karang Dapo,Sedang
D2020,2023-07-14,27.7,90,444,0.48,463,Karang Dapo,Rendah
D2021,2023-07-15,27.5,88,201,0.47,455,Karang Dapo,Rendah
D2022,2023-07-16,29.4,87,225,0.55,415,Karang Dapo,Sedang
D2023,2023-07-17,28.2,90,630,0.47,535,Karang Dapo,Sedang
D2024,2023-07-18,27.7,89,144,0.47,524,Karang Dapo,Rendah
D2025,2023-07-19,29.8,81,42,0.49,534,Karang Dapo,Sedang
D2026,2023-07-20,29.0,87,72,0.55,504,Karang Dapo,Sedang
D2027,2023-07-21,28.0,85,0,0.48,500,Karang Dapo,Sedang
D2028,2023-07-22,29.8,84,27,0.47,466,Karang Dapo,Sedang
D2029,2023-07-23,28.2,88,495,0.57,515,Karang Dapo,Sedang
D2030,2023-07-24,28.2,89,186,0.52,469,Karang Dapo,Sedang
D2031,2023-07-25,29.4,84,3,0.49,464,Karang Dapo,Sedang
D2032,2023-07-26,28.9,84,21,0.46,473,Karang Dapo,Sedang
D2033,2023-07-27,30.1,83,6,0.48,463,Karang Dapo,Sedang
D2034,2023-07-28,28.6,88,78,0.58,564,Karang Dapo,Sedang
D2035,2023-07-29,28.7,85,36,0.49,418,Karang Dapo,Sedang
D2036,2023-07-30,28.1,89,156,0.53,479,Karang Dapo,Sedang
D2037,2023-07-31,28.7,81,21,0.57,495,Karang Dapo,Sedang
D2038,2023-08-01,28.7,81,18,0.49,513,Karang Dapo,Sedang
D2039,2023-08-02,28.8,82,189,0.47,500,Karang Dapo,Sedang
D2040,2023-08-03,28.5,90,711,0.48,479,Karang Dapo,Sedang
D2041,2023-08-04,28.7,87,111,0.54,470,Karang Dapo,Sedang
D2042,2023-08-05,28.7,83,267,0.47,476,Karang Dapo,Sedang
D2043,2023-08-06,29.2,81,30,0.53,439,Karang Dapo,Sedang
D2044,2023-08-07,28.4,87,72,0.53,581,Karang Dapo,Sedang
D2045,2023-08-08,29.1,88,156,0.56,485,Karang Dapo,Sedang
D2046,2023-08-09,28.6,89,216,0.52,494,Karang Dapo,Sedang
D2047,2023-08-10,28.1,82,21,0.48,526,Karang Dapo,Sedang
D2048,2023-08-11,29.3,80,21,0.51,480,Karang Dapo,Sedang
D2049,2023-08-12,29.6,82,9,0.47,505,Karang Dapo,Sedang
D2050,2023-08-13,30.2,84,63,0.47,511,Karang Dapo,Sedang
D2051,2023-08-14,29.3,78,12,0.58,579,Karang Dapo,Sedang
D2052,2023-08-15,29.9,86,288,0.53,523,Karang Dapo,Sedang
D2053,2023-08-16,27.6,89,351,0.47,513,Karang Dapo,Rendah
D2054,2023-08-17,28.5,90,108,0.55,426,Karang Dapo,Sedang
D2055,2023-08-18,28.4,88,69,0.49,494,Karang Dapo,Sedang
D2056,2023-08-19,28.3,91,192,0.52,425,Karang Dapo,Sedang
D2057,2023-08-20,28.7,89,129,0.51,448,Karang Dapo,Sedang
D2058,2023-08-21,27.8,89,351,0.47,483,Karang Dapo,Rendah
D2059,2023-08-22,27.9,84,60,0.52,466,Karang Dapo,Rendah
D2060,2023-08-23,28.4,81,18,0.47,465,Karang Dapo,Sedang
D2061,2023-08-24,29.6,85,210,0.54,518,Karang Dapo,Sedang
D2062,2023-08-25,28.3,89,957,0.48,474,Karang Dapo,Sedang
D2063,2023-08-26,29.1,87,204,0.47,539,Karang Dapo,Sedang
D2064,2023-08-27,28.3,87,255,0.56,510,Karang Dapo,Sedang
D2065,2023-08-28,28.9,86,135,0.54,449,Karang Dapo,Sedang
D2066,2023-08-29,28.8,87,228,0.56,481,Karang Dapo,Sedang
D2067,2023-08-30,30.1,83,36,0.57,521,Karang Dapo,Sedang
D2068,2023-08-31,28.9,76,0,0.51,488,Karang Dapo,Sedang
D2069,2023-09-01,28.8,76,0,0.51,470,Karang Dapo,Sedang
D2070,2023-09-02,28.5,79,0,0.56,482,Karang Dapo,Sedang
D2071,2023-09-03,29.8,75,0,0.54,459,Karang Dapo,Sedang
D2072,2023-09-04,28.5,74,0,0.52,481,Karang Dapo,Sedang
D2073,2023-09-05,29.1,74,0,0.54,448,Karang Dapo,Sedang
D2074,2023-09-06,30.4,72,60,0.52,429,Karang Dapo,Sedang
D2075,2023-09-07,29.7,84,105,0.52,444,Karang Dapo,Sedang
D2076,2023-09-08,29.0,86,144,0.53,509,Karang Dapo,Sedang
D2077,2023-09-09,27.7,87,111,0.58,476,Karang Dapo,Rendah
D2078,2023-09-10,28.3,86,162,0.56,488,Karang Dapo,Sedang
D2079,2023-09-11,28.8,81,0,0.55,563,Karang Dapo,Sedang
D2080,2023-09-12,29.0,76,9,0.47,494,Karang Dapo,Sedang
D2081,2023-09-13,29.1,78,0,0.5,446,Karang Dapo,Sedang
D2082,2023-09-14,30.1,76,24,0.54,527,Karang Dapo,Sedang
D2083,2023-09-15,30.1,71,6,0.57,511,Karang Dapo,Sedang
D2084,2023-09-16,29.9,73,6,0.46,493,Karang Dapo,Sedang
D2085,2023-09-17,30.9,73,3,0.52,513,Karang Dapo,Sedang
D2086,2023-09-18,30.8,75,12,0.49,441,Karang Dapo,Sedang
D2087,2023-09-19,29.9,80,159,0.53,518,Karang Dapo,Sedang
D2088,2023-09-20,29.2,87,396,0.53,477,Karang Dapo,Sedang
D2089,2023-09-21,28.4,89,87,0.47,464,Karang Dapo,Sedang
D2090,2023-09-22,28.9,83,18,0.55,448,Karang Dapo,Sedang
D2091,2023-09-23,29.3,79,3,0.53,453,Karang Dapo,Sedang
D2092,2023-09-24,29.8,75,18,0.56,512,Karang Dapo,Sedang
D2093,2023-09-25,29.0,74,12,0.56,448,Karang Dapo,Sedang
D2094,2023-09-26,30.6,67,0,0.58,473,Karang Dapo,Sedang
D2095,2023-09-27,31.4,66,9,0.49,480,Karang Dapo,Sedang
D2096,2023-09-28,30.3,64,0,0.47,463,Karang Dapo,Sedang
D2097,2023-09-29,30.4,66,0,0.47,494,Karang Dapo,Sedang
D2098,2023-09-30,31.1,62,0,0.56,437,Karang Dapo,Sedang
D2099,2023-10-01,30.8,71,6,0.5,494,Karang Dapo,Sedang
D2100,2023-10-02,30.6,68,27,0.48,440,Karang Dapo,Sedang
D2101,2023-10-03,30.1,66,0,0.53,415,Karang Dapo,Sedang
D2102,2023-10-04,31.0,68,3,0.46,499,Karang Dapo,Sedang
D2103,2023-10-05,32.6,68,12,0.56,456,Karang Dapo,Tinggi
D2104,2023-10-06,32.1,66,15,0.55,468,Karang Dapo,Tinggi
D2105,2023-10-07,32.7,60,3,0.57,426,Karang Dapo,Tinggi
D2106,2023-10-08,31.3,65,24,0.51,469,Karang Dapo,Sedang
D2107,2023-10-09,30.5,68,12,0.54,443,Karang Dapo,Sedang
D2108,2023-10-10,30.7,79,543,0.48,475,Karang Dapo,Sedang
D2109,2023-10-11,31.1,77,318,0.5,448,Karang Dapo,Sedang
D2110,2023-10-12,30.6,71,3,0.47,493,Karang Dapo,Sedang
D2111,2023-10-13,30.9,67,0,0.51,505,Karang Dapo,Sedang
D2112,2023-10-14,31.1,68,0,0.53,429,Karang Dapo,Sedang
D2113,2023-10-15,31.8,71,18,0.47,490,Karang Dapo,Tinggi
D2114,2023-10-16,32.0,63,0,0.52,508,Karang Dapo,Tinggi
D2115,2023-10-17,30.4,65,24,0.51,474,Karang Dapo,Sedang
D2116,2023-10-18,30.8,66,96,0.48,472,Karang Dapo,Sedang
D2117,2023-10-19,29.4,86,420,0.56,467,Karang Dapo,Sedang
D2118,2023-10-20,28.8,86,1050,0.58,460,Karang Dapo,Sedang
D2119,2023-10-21,29.9,82,159,0.46,490,Karang Dapo,Sedang
D2120,2023-10-22,30.1,87,174,0.56,468,Karang Dapo,Sedang
D2121,2023-10-23,29.4,85,96,0.51,442,Karang Dapo,Sedang
D2122,2023-10-24,29.3,87,891,0.57,524,Karang Dapo,Sedang
D2123,2023-10-25,29.3,86,1128,0.48,529,Karang Dapo,Sedang
D2124,2023-10-26,29.8,86,369,0.52,522,Karang Dapo,Sedang
D2125,2023-10-27,31.2,79,3,0.57,507,Karang Dapo,Sedang
D2126,2023-10-28,29.0,79,72,0.49,468,Karang Dapo,Sedang
D2127,2023-10-29,28.7,87,141,0.56,455,Karang Dapo,Sedang
D2128,2023-10-30,29.4,80,15,0.55,526,Karang Dapo,Sedang
D2129,2023-10-31,30.4,85,570,0.51,495,Karang Dapo,Sedang
D2130,2023-11-01,28.4,88,429,0.51,499,Karang Dapo,Sedang
D2131,2023-11-02,30.7,83,21,0.53,442,Karang Dapo,Sedang
D2132,2023-11-03,29.7,81,222,0.5,482,Karang Dapo,Sedang
D2133,2023-11-04,30.6,82,405,0.54,560,Karang Dapo,Sedang
D2134,2023-11-05,29.3,89,147,0.5,462,Karang Dapo,Sedang
D2135,2023-11-06,28.8,89,354,0.56,583,Karang Dapo,Sedang
D2136,2023-11-07,29.0,89,333,0.56,493,Karang Dapo,Sedang
D2137,2023-11-08,29.1,86,147,0.57,455,Karang Dapo,Sedang
D2138,2023-11-09,29.3,83,99,0.53,415,Karang Dapo,Sedang
D2139,2023-11-10,29.3,81,324,0.58,433,Karang Dapo,Sedang
D2140,2023-11-11,30.4,85,177,0.56,535,Karang Dapo,Sedang
D2141,2023-11-12,30.2,87,294,0.51,513,Karang Dapo,Sedang
D2142,2023-11-13,28.5,85,255,0.49,459,Karang Dapo,Sedang
D2143,2023-11-14,28.9,90,663,0.56,482,Karang Dapo,Sedang
D2144,2023-11-15,29.9,85,393,0.57,507,Karang Dapo,Sedang
D2145,2023-11-16,28.1,89,168,0.57,484,Karang Dapo,Sedang
D2146,2023-11-17,29.9,90,129,0.56,440,Karang Dapo,Sedang
D2147,2023-11-18,30.2,87,321,0.57,440,Karang Dapo,Sedang
D2148,2023-11-19,29.8,88,336,0.55,487,Karang Dapo,Sedang
D2149,2023-11-20,29.1,89,18,0.56,507,Karang Dapo,Sedang
D2150,2023-11-21,29.7,87,249,0.5,425,Karang Dapo,Sedang
D2151,2023-11-22,27.4,92,768,0.56,477,Karang Dapo,Rendah
D2152,2023-11-23,29.6,87,129,0.47,437,Karang Dapo,Sedang
D2153,2023-11-24,28.7,88,870,0.54,485,Karang Dapo,Sedang
D2154,2023-11-25,26.8,92,909,0.54,460,Karang Dapo,Rendah
D2155,2023-11-26,29.1,89,480,0.47,506,Karang Dapo,Sedang
D2156,2023-11-27,28.3,91,789,0.56,520,Karang Dapo,Sedang
D2157,2023-11-28,28.3,89,159,0.56,453,Karang Dapo,Sedang
D2158,2023-11-29,29.7,89,360,0.52,415,Karang Dapo,Sedang
D2159,2023-11-30,29.0,90,930,0.49,452,Karang Dapo,Sedang
D2160,2023-12-01,28.1,92,429,0.48,411,Karang Dapo,Sedang
D2161,2023-12-02,29.8,88,654,0.48,548,Karang Dapo,Sedang
D2162,2023-12-03,29.6,87,825,0.49,413,Karang Dapo,Sedang
D2163,2023-12-04,29.5,87,207,0.57,447,Karang Dapo,Sedang
D2164,2023-12-05,28.9,84,312,0.58,436,Karang Dapo,Sedang
D2165,2023-12-06,28.3,90,837,0.54,499,Karang Dapo,Sedang
D2166,2023-12-07,28.1,89,420,0.49,515,Karang Dapo,Sedang
D2167,2023-12-08,30.3,84,261,0.5,498,Karang Dapo,Sedang
D2168,2023-12-09,29.4,91,621,0.51,474,Karang Dapo,Sedang
D2169,2023-12-10,28.8,90,516,0.51,471,Karang Dapo,Sedang
D2170,2023-12-11,29.2,89,519,0.48,463,Karang Dapo,Sedang
D2171,2023-12-12,28.2,86,621,0.55,469,Karang Dapo,Sedang
D2172,2023-12-13,29.4,85,654,0.56,525,Karang Dapo,Sedang
D2173,2023-12-14,29.1,86,300,0.58,468,Karang Dapo,Sedang
D2174,2023-12-15,29.0,90,30,0.51,538,Karang Dapo,Sedang
D2175,2023-12-16,29.4,90,357,0.49,476,Karang Dapo,Sedang
D2176,2023-12-17,28.8,90,414,0.5,535,Karang Dapo,Sedang
D2177,2023-12-18,27.9,90,231,0.51,501,Karang Dapo,Rendah
D2178,2023-12-19,28.8,90,279,0.54,481,Karang Dapo,Sedang
D2179,2023-12-20,28.3,88,591,0.55,464,Karang Dapo,Sedang
D2180,2023-12-21,27.2,90,888,0.47,417,Karang Dapo,Rendah
D2181,2023-12-22,29.5,90,462,0.5,488,Karang Dapo,Sedang
D2182,2023-12-23,30.2,86,147,0.57,567,Karang Dapo,Sedang
D2183,2023-12-24,28.7,88,222,0.53,480,Karang Dapo,Sedang
D2184,2023-12-25,27.9,90,300,0.53,468,Karang Dapo,Rendah
D2185,2023-12-26,28.6,89,348,0.51,408,Karang Dapo,Sedang
D2186,2023-12-27,27.9,89,450,0.53,556,Karang Dapo,Rendah
D2187,2023-12-28,28.2,89,237,0.52,554,Karang Dapo,Sedang
D2188,2023-12-29,29.4,88,588,0.5,446,Karang Dapo,Sedang
D2189,2023-12-30,27.2,92,1383,0.48,488,Karang Dapo,Rendah
D2190,2023-12-31,29.6,87,378,0.56,488,Karang Dapo,Sedang
D2191,2023-01-01,30.5,87,747,0.39,1579,Nibung,Sedang
D2192,2023-01-02,30.2,88,162,0.37,1536,Nibung,Sedang
D2193,2023-01-03,29.3,90,579,0.33,1518,Nibung,Sedang
D2194,2023-01-04,30.0,89,114,0.42,1627,Nibung,Sedang
D2195,2023-01-05,30.9,85,264,0.32,1585,Nibung,Sedang
D2196,2023-01-06,29.8,89,327,0.31,1504,Nibung,Sedang
D2197,2023-01-07,30.6,88,489,0.33,1580,Nibung,Sedang
D2198,2023-01-08,31.7,87,636,0.35,1556,Nibung,Tinggi
D2199,2023-01-09,30.9,85,27,0.41,1586,Nibung,Sedang
D2200,2023-01-10,31.2,85,36,0.36,1559,Nibung,Sedang
D2201,2023-01-11,29.5,87,198,0.4,1563,Nibung,Sedang
D2202,2023-01-12,29.8,88,207,0.4,1535,Nibung,Sedang
D2203,2023-01-13,30.6,91,621,0.32,1519,Nibung,Sedang
D2204,2023-01-14,30.9,87,105,0.37,1549,Nibung,Sedang
D2205,2023-01-15,29.9,89,192,0.42,1499,Nibung,Sedang
D2206,2023-01-16,30.6,88,498,0.31,1542,Nibung,Sedang
D2207,2023-01-17,29.6,91,1041,0.38,1556,Nibung,Sedang
D2208,2023-01-18,29.4,88,258,0.38,1545,Nibung,Sedang
D2209,2023-01-19,28.0,92,693,0.37,1622,Nibung,Sedang
D2210,2023-01-20,30.6,89,183,0.31,1528,Nibung,Sedang
D2211,2023-01-21,30.6,85,66,0.38,1455,Nibung,Sedang
D2212,2023-01-22,31.0,87,435,0.3,1578,Nibung,Sedang
D2213,2023-01-23,29.9,90,663,0.38,1583,Nibung,Sedang
D2214,2023-01-24,30.5,85,114,0.39,1540,Nibung,Sedang
D2215,2023-01-25,29.9,84,24,0.37,1553,Nibung,Sedang
D2216,2023-01-26,29.3,82,30,0.34,1562,Nibung,Sedang
D2217,2023-01-27,30.2,84,162,0.31,1587,Nibung,Sedang
D2218,2023-01-28,30.9,86,633,0.32,1539,Nibung,Sedang
D2219,2023-01-29,28.6,88,105,0.4,1616,Nibung,Sedang
D2220,2023-01-30,29.5,85,138,0.39,1591,Nibung,Sedang
D2221,2023-01-31,29.4,87,150,0.39,1539,Nibung,Sedang
D2222,2023-02-01,30.7,85,81,0.35,1534,Nibung,Sedang
D2223,2023-02-02,30.4,87,294,0.34,1542,Nibung,Sedang
D2224,2023-02-03,30.5,86,27,0.4,1531,Nibung,Sedang
D2225,2023-02-04,30.8,84,207,0.36,1584,Nibung,Sedang
D2226,2023-02-05,31.2,84,138,0.35,1520,Nibung,Sedang
D2227,2023-02-06,30.5,84,3,0.4,1518,Nibung,Sedang
D2228,2023-02-07,30.2,84,339,0.3,1523,Nibung,Sedang
D2229,2023-02-08,30.8,81,3,0.36,1559,Nibung,Sedang
D2230,2023-02-09,31.8,81,246,0.36,1610,Nibung,Tinggi
D2231,2023-02-10,32.6,81,12,0.36,1540,Nibung,Tinggi
D2232,2023-02-11,30.2,83,237,0.36,1591,Nibung,Sedang
D2233,2023-02-12,31.2,82,0,0.32,1612,Nibung,Sedang
D2234,2023-02-13,30.6,80,66,0.34,1507,Nibung,Sedang
D2235,2023-02-14,30.9,83,360,0.31,1568,Nibung,Sedang
D2236,2023-02-15,30.3,88,246,0.31,1555,Nibung,Sedang
D2237,2023-02-16,29.3,86,51,0.37,1550,Nibung,Sedang
D2238,2023-02-17,30.4,79,6,0.36,1580,Nibung,Sedang
D2239,2023-02-18,30.9,82,564,0.38,1560,Nibung,Sedang
D2240,2023-02-19,30.6,88,501,0.31,1572,Nibung,Sedang
D2241,2023-02-20,30.0,88,474,0.34,1513,Nibung,Sedang
D2242,2023-02-21,29.5,88,138,0.37,1528,Nibung,Sedang
D2243,2023-02-22,29.3,88,414,0.42,1567,Nibung,Sedang
D2244,2023-02-23,30.1,87,123,0.39,1532,Nibung,Sedang
D2245,2023-02-24,28.7,87,1182,0.4,1588,Nibung,Sedang
D2246,2023-02-25,29.8,84,255,0.31,1580,Nibung,Sedang
D2247,2023-02-26,31.3,82,63,0.36,1522,Nibung,Sedang
D2248,2023-02-27,30.0,83,216,0.37,1475,Nibung,Sedang
D2249,2023-02-28,30.4,84,81,0.37,1587,Nibung,Sedang
D2250,2023-03-01,29.8,84,24,0.38,1544,Nibung,Sedang
D2251,2023-03-02,29.8,79,36,0.34,1554,Nibung,Sedang
D2252,2023-03-03,30.7,86,282,0.3,1554,Nibung,Sedang
D2253,2023-03-04,30.5,84,114,0.4,1564,Nibung,Sedang
D2254,2023-03-05,31.1,80,189,0.35,1605,Nibung,Sedang
D2255,2023-03-06,29.5,87,987,0.39,1562,Nibung,Sedang
D2256,2023-03-07,28.9,88,408,0.36,1581,Nibung,Sedang
D2257,2023-03-08,31.1,85,237,0.32,1585,Nibung,Sedang
D2258,2023-03-09,30.6,87,501,0.36,1600,Nibung,Sedang
D2259,2023-03-10,30.3,88,447,0.37,1565,Nibung,Sedang
D2260,2023-03-11,28.6,89,777,0.31,1599,Nibung,Sedang
D2261,2023-03-12,30.4,89,408,0.38,1525,Nibung,Sedang
D2262,2023-03-13,29.3,90,702,0.39,1442,Nibung,Sedang
D2263,2023-03-14,29.9,84,69,0.37,1539,Nibung,Sedang
D2264,2023-03-15,30.6,85,135,0.37,1594,Nibung,Sedang
D2265,2023-03-16,30.6,87,183,0.38,1568,Nibung,Sedang
D2266,2023-03-17,29.9,88,153,0.36,1508,Nibung,Sedang
D2267,2023-03-18,30.5,87,291,0.34,1627,Nibung,Sedang
D2268,2023-03-19,30.2,88,723,0.36,1582,Nibung,Sedang
D2269,2023-03-20,29.2,88,378,0.41,1515,Nibung,Sedang
D2270,2023-03-21,30.5,85,204,0.33,1600,Nibung,Sedang
D2271,2023-03-22,31.6,86,93,0.34,1553,Nibung,Tinggi
D2272,2023-03-23,30.4,90,288,0.34,1577,Nibung,Sedang
D2273,2023-03-24,29.9,90,195,0.4,1539,Nibung,Sedang
D2274,2023-03-25,31.3,88,432,0.39,1533,Nibung,Sedang
D2275,2023-03-26,31.6,85,762,0.4,1520,Nibung,Tinggi
D2276,2023-03-27,31.2,87,60,0.4,1493,Nibung,Sedang
D2277,2023-03-28,31.0,88,147,0.37,1537,Nibung,Sedang
D2278,2023-03-29,30.2,88,213,0.32,1615,Nibung,Sedang
D2279,2023-03-30,31.1,89,204,0.37,1583,Nibung,Sedang
D2280,2023-03-31,30.4,83,36,0.34,1574,Nibung,Sedang
D2281,2023-04-01,30.0,89,198,0.31,1631,Nibung,Sedang
D2282,2023-04-02,31.1,87,33,0.32,1559,Nibung,Sedang
D2283,2023-04-03,29.8,89,249,0.41,1564,Nibung,Sedang
D2284,2023-04-04,29.9,88,198,0.37,1552,Nibung,Sedang
D2285,2023-04-05,29.7,90,300,0.33,1549,Nibung,Sedang
D2286,2023-04-06,30.8,89,438,0.31,1586,Nibung,Sedang
D2287,2023-04-07,30.7,87,174,0.33,1585,Nibung,Sedang
D2288,2023-04-08,30.6,88,351,0.38,1599,Nibung,Sedang
D2289,2023-04-09,31.0,87,123,0.41,1510,Nibung,Sedang
D2290,2023-04-10,29.4,89,348,0.31,1566,Nibung,Sedang
D2291,2023-04-11,32.2,84,0,0.37,1569,Nibung,Tinggi
D2292,2023-04-12,30.4,87,87,0.31,1455,Nibung,Sedang
D2293,2023-04-13,31.2,83,33,0.38,1610,Nibung,Sedang
D2294,2023-04-14,31.7,85,45,0.34,1487,Nibung,Tinggi
D2295,2023-04-15,31.5,86,99,0.36,1548,Nibung,Sedang
D2296,2023-04-16,29.7,91,798,0.34,1532,Nibung,Sedang
D2297,2023-04-17,32.4,84,57,0.4,1512,Nibung,Tinggi
D2298,2023-04-18,31.3,91,369,0.33,1565,Nibung,Sedang
D2299,2023-04-19,30.6,90,816,0.34,1534,Nibung,Sedang
D2300,2023-04-20,30.2,90,534,0.39,1550,Nibung,Sedang
D2301,2023-04-21,30.5,89,333,0.38,1588,Nibung,Sedang
D2302,2023-04-22,31.3,89,420,0.33,1604,Nibung,Sedang
D2303,2023-04-23,31.7,89,132,0.35,1513,Nibung,Tinggi
D2304,2023-04-24,30.9,87,186,0.4,1573,Nibung,Sedang
D2305,2023-04-25,30.7,92,471,0.3,1553,Nibung,Sedang
D2306,2023-04-26,29.8,90,288,0.41,1554,Nibung,Sedang
D2307,2023-04-27,29.5,90,81,0.34,1573,Nibung,Sedang
D2308,2023-04-28,31.4,88,54,0.39,1548,Nibung,Sedang
D2309,2023-04-29,31.3,87,411,0.38,1561,Nibung,Sedang
D2310,2023-04-30,31.3,89,810,0.39,1543,Nibung,Sedang
D2311,2023-05-01,31.5,85,708,0.36,1539,Nibung,Sedang
D2312,2023-05-02,31.4,86,408,0.37,1588,Nibung,Sedang
D2313,2023-05-03,30.5,89,954,0.39,1554,Nibung,Sedang
D2314,2023-05-04,31.8,89,663,0.36,1548,Nibung,Tinggi
D2315,2023-05-05,31.4,90,474,0.38,1525,Nibung,Sedang
D2316,2023-05-06,31.6,88,513,0.39,1558,Nibung,Tinggi
D2317,2023-05-07,31.2,87,312,0.38,1603,Nibung,Sedang
D2318,2023-05-08,31.4,87,72,0.32,1505,Nibung,Sedang
D2319,2023-05-09,32.0,86,6,0.3,1518,Nibung,Tinggi
D2320,2023-05-10,32.9,86,45,0.32,1605,Nibung,Tinggi
D2321,2023-05-11,31.8,88,795,0.33,1592,Nibung,Tinggi
D2322,2023-05-12,29.6,93,813,0.39,1577,Nibung,Sedang
D2323,2023-05-13,31.6,83,9,0.3,1565,Nibung,Tinggi
D2324,2023-05-14,32.9,83,45,0.39,1499,Nibung,Tinggi
D2325,2023-05-15,31.4,87,270,0.42,1560,Nibung,Sedang
D2326,2023-05-16,31.3,84,18,0.38,1558,Nibung,Sedang
D2327,2023-05-17,30.4,90,378,0.31,1538,Nibung,Sedang
D2328,2023-05-18,30.2,91,75,0.39,1534,Nibung,Sedang
D2329,2023-05-19,30.7,88,690,0.42,1590,Nibung,Sedang
D2330,2023-05-20,31.3,88,228,0.41,1438,Nibung,Sedang
D2331,2023-05-21,30.1,90,141,0.36,1520,Nibung,Sedang
D2332,2023-05-22,31.7,89,120,0.39,1530,Nibung,Tinggi
D2333,2023-05-23,30.4,88,54,0.38,1540,Nibung,Sedang
D2334,2023-05-24,31.4,87,72,0.34,1503,Nibung,Sedang
D2335,2023-05-25,32.5,84,9,0.4,1539,Nibung,Tinggi
D2336,2023-05-26,30.1,88,555,0.4,1563,Nibung,Sedang
D2337,2023-05-27,30.8,89,252,0.31,1584,Nibung,Sedang
D2338,2023-05-28,30.9,90,489,0.34,1521,Nibung,Sedang
D2339,2023-05-29,30.7,88,273,0.37,1511,Nibung,Sedang
D2340,2023-05-30,30.0,91,252,0.36,1546,Nibung,Sedang
D2341,2023-05-31,32.2,89,48,0.35,1592,Nibung,Tinggi
D2342,2023-06-01,30.5,86,447,0.4,1531,Nibung,Sedang
D2343,2023-06-02,32.0,86,174,0.32,1545,Nibung,Tinggi
D2344,2023-06-03,30.2,89,66,0.4,1530,Nibung,Sedang
D2345,2023-06-04,31.4,91,210,0.33,1485,Nibung,Sedang
D2346,2023-06-05,32.0,86,177,0.34,1561,Nibung,Tinggi
D2347,2023-06-06,30.2,91,615,0.37,1533,Nibung,Sedang
D2348,2023-06-07,29.8,89,399,0.3,1561,Nibung,Sedang
D2349,2023-06-08,29.6,92,462,0.34,1583,Nibung,Sedang
D2350,2023-06-09,29.5,91,21,0.39,1549,Nibung,Sedang
D2351,2023-06-10,32.1,84,258,0.37,1630,Nibung,Tinggi
D2352,2023-06-11,31.9,85,507,0.33,1575,Nibung,Tinggi
D2353,2023-06-12,31.4,87,312,0.36,1576,Nibung,Sedang
D2354,2023-06-13,30.6,89,264,0.35,1575,Nibung,Sedang
D2355,2023-06-14,31.0,88,126,0.37,1606,Nibung,Sedang
D2356,2023-06-15,30.5,90,636,0.39,1510,Nibung,Sedang
D2357,2023-06-16,30.5,87,231,0.39,1506,Nibung,Sedang
D2358,2023-06-17,31.6,85,18,0.35,1549,Nibung,Tinggi
D2359,2023-06-18,31.0,87,111,0.34,1568,Nibung,Sedang
D2360,2023-06-19,30.1,88,123,0.33,1494,Nibung,Sedang
D2361,2023-06-20,31.3,87,36,0.36,1631,Nibung,Sedang
D2362,2023-06-21,31.9,86,477,0.38,1529,Nibung,Tinggi
D2363,2023-06-22,31.4,88,57,0.38,1486,Nibung,Sedang
D2364,2023-06-23,30.2,85,228,0.37,1519,Nibung,Sedang
D2365,2023-06-24,31.0,86,78,0.37,1569,Nibung,Sedang
D2366,2023-06-25,31.1,86,177,0.31,1601,Nibung,Sedang
D2367,2023-06-26,29.1,90,504,0.32,1466,Nibung,Sedang
D2368,2023-06-27,29.5,92,285,0.41,1562,Nibung,Sedang
D2369,2023-06-28,31.0,89,816,0.3,1556,Nibung,Sedang
D2370,2023-06-29,31.0,86,30,0.41,1521,Nibung,Sedang
D2371,2023-06-30,30.0,88,480,0.4,1519,Nibung,Sedang
D2372,2023-07-01,29.4,90,711,0.4,1525,Nibung,Sedang
D2373,2023-07-02,30.4,87,21,0.35,1482,Nibung,Sedang
D2374,2023-07-03,30.3,85,90,0.33,1590,Nibung,Sedang
D2375,2023-07-04,30.5,88,585,0.31,1560,Nibung,Sedang
D2376,2023-07-05,29.9,89,582,0.31,1569,Nibung,Sedang
D2377,2023-07-06,29.8,92,912,0.35,1576,Nibung,Sedang
D2378,2023-07-07,29.5,87,270,0.3,1598,Nibung,Sedang
D2379,2023-07-08,30.4,87,27,0.35,1533,Nibung,Sedang
D2380,2023-07-09,31.1,90,390,0.35,1587,Nibung,Sedang
D2381,2023-07-10,30.1,90,546,0.31,1569,Nibung,Sedang
D2382,2023-07-11,30.2,92,282,0.36,1613,Nibung,Sedang
D2383,2023-07-12,30.7,86,9,0.35,1560,Nibung,Sedang
D2384,2023-07-13,31.0,87,90,0.35,1559,Nibung,Sedang
D2385,2023-07-14,30.0,89,330,0.35,1558,Nibung,Sedang
D2386,2023-07-15,30.9,86,12,0.42,1632,Nibung,Sedang
D2387,2023-07-16,30.6,86,102,0.33,1484,Nibung,Sedang
D2388,2023-07-17,29.4,90,708,0.35,1527,Nibung,Sedang
D2389,2023-07-18,30.0,89,513,0.38,1580,Nibung,Sedang
D2390,2023-07-19,31.8,81,15,0.42,1650,Nibung,Tinggi
D2391,2023-07-20,30.1,88,60,0.36,1472,Nibung,Sedang
D2392,2023-07-21,30.4,84,0,0.3,1590,Nibung,Sedang
D2393,2023-07-22,30.3,84,18,0.4,1524,Nibung,Sedang
D2394,2023-07-23,31.0,87,225,0.41,1653,Nibung,Sedang
D2395,2023-07-24,29.4,89,636,0.37,1570,Nibung,Sedang
D2396,2023-07-25,31.4,83,6,0.38,1517,Nibung,Sedang
D2397,2023-07-26,31.6,83,39,0.36,1612,Nibung,Tinggi
D2398,2023-07-27,31.9,81,6,0.34,1568,Nibung,Tinggi
D2399,2023-07-28,31.0,86,90,0.31,1582,Nibung,Sedang
D2400,2023-07-29,31.3,86,18,0.35,1589,Nibung,Sedang
D2401,2023-07-30,29.7,88,441,0.41,1525,Nibung,Sedang
D2402,2023-07-31,31.5,80,12,0.33,1605,Nibung,Tinggi
D2403,2023-08-01,31.1,80,9,0.35,1552,Nibung,Sedang
D2404,2023-08-02,32.1,81,84,0.36,1664,Nibung,Tinggi
D2405,2023-08-03,29.4,89,402,0.3,1530,Nibung,Sedang
D2406,2023-08-04,31.8,86,132,0.36,1497,Nibung,Tinggi
D2407,2023-08-05,31.3,84,75,0.38,1478,Nibung,Sedang
D2408,2023-08-06,31.5,80,15,0.39,1594,Nibung,Sedang
D2409,2023-08-07,30.0,85,186,0.39,1541,Nibung,Sedang
D2410,2023-08-08,30.7,87,126,0.4,1538,Nibung,Sedang
D2411,2023-08-09,31.1,87,81,0.38,1506,Nibung,Sedang
D2412,2023-08-10,30.5,81,3,0.34,1608,Nibung,Sedang
D2413,2023-08-11,31.1,79,0,0.39,1549,Nibung,Sedang
D2414,2023-08-12,31.4,81,30,0.41,1546,Nibung,Sedang
D2415,2023-08-13,32.1,84,72,0.33,1582,Nibung,Tinggi
D2416,2023-08-14,30.8,79,15,0.34,1554,Nibung,Sedang
D2417,2023-08-15,30.3,86,264,0.37,1530,Nibung,Sedang
D2418,2023-08-16,29.7,89,342,0.36,1610,Nibung,Sedang
D2419,2023-08-17,29.9,87,63,0.33,1601,Nibung,Sedang
D2420,2023-08-18,31.3,86,126,0.32,1515,Nibung,Sedang
D2421,2023-08-19,30.1,90,330,0.35,1585,Nibung,Sedang
D2422,2023-08-20,30.8,87,93,0.37,1513,Nibung,Sedang
D2423,2023-08-21,29.6,86,267,0.37,1529,Nibung,Sedang
D2424,2023-08-22,30.0,81,24,0.32,1503,Nibung,Sedang
D2425,2023-08-23,31.5,77,0,0.33,1524,Nibung,Tinggi
D2426,2023-08-24,30.9,81,18,0.39,1538,Nibung,Sedang
D2427,2023-08-25,30.4,88,654,0.38,1611,Nibung,Sedang
D2428,2023-08-26,30.8,86,42,0.33,1547,Nibung,Sedang
D2429,2023-08-27,32.1,85,243,0.35,1602,Nibung,Tinggi
D2430,2023-08-28,31.4,89,213,0.31,1529,Nibung,Sedang
D2431,2023-08-29,31.2,86,81,0.35,1581,Nibung,Sedang
D2432,2023-08-30,31.1,81,18,0.36,1550,Nibung,Sedang
D2433,2023-08-31,31.2,73,0,0.39,1571,Nibung,Sedang
D2434,2023-09-01,31.0,71,0,0.35,1531,Nibung,Sedang
D2435,2023-09-02,31.4,74,0,0.3,1555,Nibung,Sedang
D2436,2023-09-03,32.2,71,0,0.3,1565,Nibung,Tinggi
D2437,2023-09-04,31.1,72,0,0.42,1537,Nibung,Sedang
D2438,2023-09-05,30.8,72,6,0.32,1557,Nibung,Sedang
D2439,2023-09-06,32.4,73,438,0.38,1587,Nibung,Tinggi
D2440,2023-09-07,31.3,84,96,0.37,1576,Nibung,Sedang
D2441,2023-09-08,31.3,83,372,0.34,1550,Nibung,Sedang
D2442,2023-09-09,29.7,85,99,0.34,1569,Nibung,Sedang
D2443,2023-09-10,31.5,83,48,0.34,1576,Nibung,Sedang
D2444,2023-09-11,31.7,76,6,0.37,1458,Nibung,Tinggi
D2445,2023-09-12,30.4,73,0,0.38,1536,Nibung,Sedang
D2446,2023-09-13,31.3,75,0,0.3,1542,Nibung,Sedang
D2447,2023-09-14,33.1,73,0,0.4,1569,Nibung,Tinggi
D2448,2023-09-15,32.2,69,3,0.35,1558,Nibung,Tinggi
D2449,2023-09-16,32.5,71,0,0.38,1605,Nibung,Tinggi
D2450,2023-09-17,32.2,70,0,0.34,1574,Nibung,Tinggi
D2451,2023-09-18,32.8,72,18,0.31,1550,Nibung,Tinggi
D2452,2023-09-19,31.2,79,228,0.38,1521,Nibung,Sedang
D2453,2023-09-20,30.6,86,570,0.35,1573,Nibung,Sedang
D2454,2023-09-21,31.4,88,60,0.34,1471,Nibung,Sedang
D2455,2023-09-22,30.5,83,27,0.39,1516,Nibung,Sedang
D2456,2023-09-23,31.4,80,9,0.31,1560,Nibung,Sedang
D2457,2023-09-24,31.4,76,18,0.31,1556,Nibung,Sedang
D2458,2023-09-25,31.3,76,12,0.38,1525,Nibung,Sedang
D2459,2023-09-26,32.2,68,3,0.35,1544,Nibung,Tinggi
D2460,2023-09-27,31.7,67,9,0.4,1508,Nibung,Tinggi
D2461,2023-09-28,33.1,65,0,0.34,1457,Nibung,Tinggi
D2462,2023-09-29,33.5,66,0,0.34,1589,Nibung,Tinggi
D2463,2023-09-30,32.3,64,0,0.39,1570,Nibung,Tinggi
D2464,2023-10-01,31.6,70,3,0.34,1577,Nibung,Tinggi
D2465,2023-10-02,32.9,68,3,0.37,1545,Nibung,Tinggi
D2466,2023-10-03,33.4,64,0,0.4,1538,Nibung,Tinggi
D2467,2023-10-04,33.4,67,0,0.35,1558,Nibung,Tinggi
D2468,2023-10-05,33.1,69,12,0.39,1575,Nibung,Tinggi
D2469,2023-10-06,34.1,68,36,0.38,1512,Nibung,Tinggi
D2470,2023-10-07,34.0,63,0,0.34,1444,Nibung,Tinggi
D2471,2023-10-08,32.6,65,12,0.42,1519,Nibung,Tinggi
D2472,2023-10-09,34.0,68,66,0.35,1523,Nibung,Tinggi
D2473,2023-10-10,31.7,79,543,0.31,1550,Nibung,Tinggi
D2474,2023-10-11,32.3,79,195,0.33,1553,Nibung,Tinggi
D2475,2023-10-12,32.7,71,0,0.33,1541,Nibung,Tinggi
D2476,2023-10-13,32.8,66,0,0.39,1452,Nibung,Tinggi
D2477,2023-10-14,32.5,66,0,0.32,1587,Nibung,Tinggi
D2478,2023-10-15,32.3,71,33,0.3,1548,Nibung,Tinggi
D2479,2023-10-16,34.1,65,0,0.33,1568,Nibung,Tinggi
D2480,2023-10-17,32.2,64,9,0.31,1599,Nibung,Tinggi
D2481,2023-10-18,33.8,66,21,0.32,1588,Nibung,Tinggi
D2482,2023-10-19,30.6,86,672,0.34,1623,Nibung,Sedang
D2483,2023-10-20,31.6,86,468,0.32,1626,Nibung,Tinggi
D2484,2023-10-21,32.2,82,81,0.3,1560,Nibung,Tinggi
D2485,2023-10-22,32.1,87,171,0.35,1554,Nibung,Tinggi
D2486,2023-10-23,31.8,83,27,0.34,1532,Nibung,Tinggi
D2487,2023-10-24,31.9,85,516,0.4,1500,Nibung,Tinggi
D2488,2023-10-25,31.3,85,633,0.42,1470,Nibung,Sedang
D2489,2023-10-26,32.1,84,378,0.41,1570,Nibung,Tinggi
D2490,2023-10-27,31.7,77,18,0.4,1558,Nibung,Tinggi
D2491,2023-10-28,32.8,77,183,0.35,1512,Nibung,Tinggi
D2492,2023-10-29,30.1,84,360,0.33,1588,Nibung,Sedang
D2493,2023-10-30,32.6,79,21,0.37,1568,Nibung,Tinggi
D2494,2023-10-31,30.3,84,267,0.34,1595,Nibung,Sedang
D2495,2023-11-01,32.5,84,402,0.4,1604,Nibung,Tinggi
D2496,2023-11-02,31.3,81,138,0.41,1495,Nibung,Sedang
D2497,2023-11-03,31.1,80,90,0.31,1492,Nibung,Sedang
D2498,2023-11-04,32.3,81,123,0.36,1560,Nibung,Tinggi
D2499,2023-11-05,31.4,86,153,0.38,1504,Nibung,Sedang
D2500,2023-11-06,30.7,86,255,0.34,1548,Nibung,Sedang
D2501,2023-11-07,30.5,87,351,0.38,1540,Nibung,Sedang
D2502,2023-11-08,32.5,85,291,0.35,1505,Nibung,Tinggi
D2503,2023-11-09,31.1,83,144,0.37,1577,Nibung,Sedang
D2504,2023-11-10,32.1,80,87,0.4,1556,Nibung,Tinggi
D2505,2023-11-11,33.0,82,81,0.34,1589,Nibung,Tinggi
D2506,2023-11-12,31.3,87,171,0.34,1517,Nibung,Sedang
D2507,2023-11-13,31.3,85,201,0.32,1587,Nibung,Sedang
D2508,2023-11-14,29.9,91,987,0.37,1571,Nibung,Sedang
D2509,2023-11-15,31.5,84,228,0.37,1510,Nibung,Tinggi
D2510,2023-11-16,30.5,89,258,0.4,1570,Nibung,Sedang
D2511,2023-11-17,31.4,89,120,0.35,1562,Nibung,Sedang
D2512,2023-11-18,30.6,85,372,0.34,1576,Nibung,Sedang
D2513,2023-11-19,31.3,89,408,0.4,1493,Nibung,Sedang
D2514,2023-11-20,30.6,87,9,0.41,1546,Nibung,Sedang
D2515,2023-11-21,30.9,87,189,0.31,1575,Nibung,Sedang
D2516,2023-11-22,29.8,93,774,0.34,1556,Nibung,Sedang
D2517,2023-11-23,31.7,87,12,0.4,1538,Nibung,Tinggi
D2518,2023-11-24,31.9,87,423,0.42,1521,Nibung,Tinggi
D2519,2023-11-25,28.3,92,516,0.39,1545,Nibung,Sedang
D2520,2023-11-26,30.9,87,303,0.34,1462,Nibung,Sedang
D2521,2023-11-27,30.2,90,588,0.39,1517,Nibung,Sedang
D2522,2023-11-28,30.5,89,576,0.38,1573,Nibung,Sedang
D2523,2023-11-29,31.1,89,225,0.36,1551,Nibung,Sedang
D2524,2023-11-30,31.0,90,594,0.33,1528,Nibung,Sedang
D2525,2023-12-01,30.5,91,786,0.36,1481,Nibung,Sedang
D2526,2023-12-02,31.2,87,315,0.39,1544,Nibung,Sedang
D2527,2023-12-03,31.1,87,621,0.4,1541,Nibung,Sedang
D2528,2023-12-04,29.7,88,336,0.38,1573,Nibung,Sedang
D2529,2023-12-05,31.5,86,375,0.35,1514,Nibung,Sedang
D2530,2023-12-06,31.3,89,363,0.32,1537,Nibung,Sedang
D2531,2023-12-07,30.7,89,372,0.3,1578,Nibung,Sedang
D2532,2023-12-08,32.3,82,330,0.35,1480,Nibung,Tinggi
D2533,2023-12-09,30.2,89,558,0.35,1558,Nibung,Sedang
D2534,2023-12-10,31.3,89,414,0.3,1502,Nibung,Sedang
D2535,2023-12-11,30.3,89,645,0.41,1606,Nibung,Sedang
D2536,2023-12-12,30.9,86,1062,0.38,1631,Nibung,Sedang
D2537,2023-12-13,30.8,84,285,0.37,1625,Nibung,Sedang
D2538,2023-12-14,31.3,86,387,0.35,1467,Nibung,Sedang
D2539,2023-12-15,31.8,86,24,0.32,1590,Nibung,Tinggi
D2540,2023-12-16,29.6,90,489,0.41,1582,Nibung,Sedang
D2541,2023-12-17,30.8,90,690,0.31,1541,Nibung,Sedang
D2542,2023-12-18,29.6,90,474,0.36,1547,Nibung,Sedang
D2543,2023-12-19,30.0,90,456,0.31,1581,Nibung,Sedang
D2544,2023-12-20,30.0,89,297,0.38,1543,Nibung,Sedang
D2545,2023-12-21,30.7,92,417,0.31,1526,Nibung,Sedang
D2546,2023-12-22,30.0,89,99,0.35,1548,Nibung,Sedang
D2547,2023-12-23,30.4,86,192,0.31,1506,Nibung,Sedang
D2548,2023-12-24,31.7,89,273,0.41,1540,Nibung,Tinggi
D2549,2023-12-25,31.0,88,291,0.32,1561,Nibung,Sedang
D2550,2023-12-26,31.0,87,249,0.36,1590,Nibung,Sedang
D2551,2023-12-27,31.0,88,609,0.41,1510,Nibung,Sedang
D2552,2023-12-28,30.0,88,213,0.33,1526,Nibung,Sedang
D2553,2023-12-29,31.7,88,642,0.32,1587,Nibung,Tinggi
D2554,2023-12-30,31.0,90,1359,0.36,1565,Nibung,Sedang
D2555,2023-12-31,31.4,87,546,0.41,1500,Nibung,Sedang
